Player,Age,Tm,Pos,GP,CF,CA,CF%,CF% rel,FF,FA,FF%,FF% rel,oiSH%,oiSV%,PDO,oZS%,dZS%,TOI/60,TOI(EV),TK,GV,E+/-,SAtt.,Thru%,Net_Takeaway,Possession_Score
Rodrigo Abols,29.0,PHI,C,22.0,191.0,199.0,49.0,0.3,137.0,135.0,50.4,0.3,8.3,84.7,93.0,61.2,38.8,9:11,9:09,4.0,14.0,-1.3,48.0,52.1,-10.0,49.7
Noel Acciari,33.0,PIT,C,76.0,692.0,926.0,42.8,-9.2,479.0,635.0,43.0,-8.0,6.2,88.2,94.4,20.6,79.4,13:44,11:17,14.0,33.0,-11.3,144.0,50.7,-19.0,42.9
Sebastian Aho,27.0,CAR,F,73.0,1401.0,898.0,60.9,2.6,1009.0,665.0,60.3,3.0,10.7,86.2,96.9,63.8,36.2,20:14,14:49,20.0,87.0,8.3,414.0,45.7,-67.0,60.599999999999994
Alexander Alexeyev,25.0,WSH,D,5.0,56.0,68.0,45.2,-1.0,47.0,39.0,54.7,9.9,14.3,96.0,110.3,29.5,70.5,13:13,13:11,0.0,2.0,1.7,8.0,50.0,-2.0,49.95
Nolan Allan,21.0,CHI,D,43.0,465.0,656.0,41.5,-5.5,319.0,478.0,40.0,-6.4,9.1,89.3,98.4,42.0,58.0,15:08,14:07,8.0,22.0,-10.3,64.0,26.6,-14.0,40.75
Michael Amadio,28.0,OTT,C,65.0,779.0,847.0,47.9,-2.6,541.0,582.0,48.2,-2.7,9.9,93.4,103.3,35.5,64.5,14:02,13:07,21.0,31.0,-1.9,142.0,52.8,-10.0,48.05
Nils Åman,24.0,VAN,C,19.0,171.0,182.0,48.4,-2.5,119.0,143.0,45.4,-5.6,9.7,89.7,99.4,48.9,51.1,10:29,10:13,3.0,3.0,0.0,20.0,40.0,0.0,46.9
Joey Anderson,26.0,CHI,RW,18.0,153.0,223.0,40.7,-4.1,95.0,158.0,37.5,-8.5,4.5,95.6,100.1,29.4,70.6,12:24,10:53,8.0,4.0,-3.2,31.0,54.8,4.0,39.1
Josh Anderson,30.0,MTL,RW,75.0,868.0,1029.0,45.8,-2.3,602.0,723.0,45.4,-2.9,11.0,90.5,101.5,42.3,57.7,14:11,12:23,16.0,35.0,-1.3,200.0,50.5,-19.0,45.599999999999994
Michael Anderson,25.0,LAK,D,71.0,1302.0,1275.0,50.5,-4.1,911.0,872.0,51.1,-4.0,9.0,93.4,102.4,41.5,58.5,22:44,19:34,19.0,56.0,-2.8,237.0,32.9,-37.0,50.8
Jaret Anderson-Dolan,25.0,WPG,C,1.0,2.0,7.0,22.2,-20.3,1.0,4.0,20.0,-22.0,,100.0,,0.0,100.0,8:54,8:54,0.0,1.0,-0.1,0.0,,-1.0,21.1
Rasmus Andersson,28.0,CGY,D,75.0,1559.0,1619.0,49.1,-3.8,1117.0,1147.0,49.3,-2.7,7.2,89.2,96.4,49.8,50.2,24:04:00,19:26,30.0,101.0,-7.7,352.0,42.6,-71.0,49.2
Emil Andrae,22.0,PHI,D,36.0,534.0,485.0,52.4,6.1,390.0,338.0,53.6,4.6,8.2,88.2,96.4,56.2,43.8,17:54,16:04,15.0,40.0,4.0,118.0,39.8,-25.0,53.0
Mason Appleton,29.0,WPG,C,65.0,874.0,915.0,48.9,-0.2,635.0,671.0,48.6,-1.4,8.8,93.8,102.6,29.1,70.9,14:51,13:54,14.0,32.0,-2.7,166.0,60.2,-18.0,48.75
Joel Armia,31.0,MTL,RW,74.0,687.0,850.0,44.7,-3.7,452.0,593.0,43.3,-5.6,9.9,89.2,99.1,30.8,69.2,14:22,11:01,18.0,43.0,-11.0,217.0,45.6,-25.0,44.0
Viktor Arvidsson,31.0,EDM,LW,60.0,949.0,760.0,55.5,1.2,694.0,542.0,56.1,1.8,7.4,90.3,97.7,55.0,45.0,14:47,13:41,14.0,59.0,8.7,264.0,52.3,-45.0,55.8
Rasmus Asplund,27.0,FLA,F,2.0,21.0,9.0,70.0,21.5,15.0,7.0,68.2,15.7,0.0,100.0,100.0,55.6,44.4,7:32,7:32,1.0,0.0,0.7,2.0,50.0,1.0,69.1
Zach Aston-Reese,30.0,CBJ,C,73.0,809.0,941.0,46.2,-2.7,563.0,640.0,46.8,-2.6,7.8,89.1,96.9,41.6,58.4,13:34,12:19,9.0,39.0,-2.8,182.0,52.7,-30.0,46.5
Andreas Athanasiou,30.0,CHI,C,8.0,55.0,100.0,35.5,-9.8,45.0,72.0,38.5,-8.2,12.5,87.8,100.3,35.7,64.3,10:02,9:56,2.0,2.0,-0.3,15.0,53.3,0.0,37.0
Cam Atkinson,35.0,TBL,RW,38.0,252.0,319.0,44.1,-6.1,189.0,232.0,44.9,-4.2,10.5,88.7,99.2,51.6,48.4,8:47,8:08,3.0,12.0,-4.1,61.0,70.5,-9.0,44.5
Nicolas Aubé-Kubel,28.0,TOT,RW,22.0,182.0,183.0,49.9,-2.4,120.0,127.0,48.6,-2.0,5.8,88.8,94.5,31.7,68.3,9:25,9:23,9.0,12.0,-3.0,42.0,42.9,-3.0,49.25
Nicolas Aubé-Kubel,28.0,BUF,RW,19.0,159.0,147.0,52.0,-0.5,103.0,99.0,51.0,0.1,6.6,87.5,94.1,29.4,70.6,9:32,9:30,8.0,11.0,-1.4,38.0,47.4,-3.0,51.5
Nicolas Aubé-Kubel,28.0,NYR,RW,3.0,23.0,36.0,39.0,-12.0,17.0,28.0,37.8,-10.8,0.0,93.8,93.8,42.9,57.1,8:44,8:40,1.0,1.0,-1.5,4.0,0.0,0.0,38.4
Oskar Back,24.0,DAL,C,68.0,638.0,613.0,51.0,1.7,405.0,432.0,48.4,-0.2,7.0,93.8,100.8,39.2,60.8,11:48,10:17,12.0,49.0,-2.5,91.0,46.2,-37.0,49.7
Mikael Backlund,35.0,CGY,C,69.0,1076.0,988.0,52.1,1.6,751.0,681.0,52.4,2.4,7.6,91.7,99.3,37.6,62.4,18:42,14:35,34.0,66.0,-0.4,315.0,49.8,-32.0,52.25
Kevin Bahl,24.0,CGY,D,66.0,1251.0,1299.0,49.1,-3.9,896.0,914.0,49.5,-2.7,8.1,91.0,99.1,47.0,53.0,21:21,18:40,23.0,79.0,-9.2,206.0,37.9,-56.0,49.3
Arshdeep Bains,24.0,VAN,F,13.0,119.0,133.0,47.2,-1.5,83.0,95.0,46.6,-3.2,5.8,87.9,93.6,53.9,46.1,10:30,9:45,1.0,4.0,-2.8,16.0,50.0,-3.0,46.900000000000006
Uvis Balinskis,28.0,FLA,D,69.0,915.0,735.0,55.5,-0.1,644.0,547.0,54.1,-0.6,7.4,90.3,97.7,60.8,39.2,14:36,13:13,19.0,46.0,10.1,178.0,46.6,-27.0,54.8
Ivan Barbashev,29.0,VEG,C,64.0,1045.0,1059.0,49.7,-0.6,754.0,760.0,49.8,-1.0,12.7,91.7,104.5,58.8,41.2,16:47,15:56,17.0,69.0,6.1,209.0,48.8,-52.0,49.75
Aleksander Barkov,29.0,FLA,C,64.0,1242.0,813.0,60.4,6.4,883.0,597.0,59.7,6.4,8.2,88.5,96.7,58.8,41.2,20:25,15:28,34.0,49.0,13.3,286.0,49.7,-15.0,60.05
Alex Barré-Boulet,27.0,MTL,F,2.0,15.0,22.0,40.5,4.4,8.0,16.0,33.3,-2.5,0.0,84.6,84.6,50.0,50.0,10:10,7:07,1.0,0.0,-0.9,1.0,0.0,1.0,36.9
Tyson Barrie,33.0,CGY,D,13.0,190.0,199.0,48.8,-4.3,131.0,139.0,48.5,-5.9,4.8,88.9,93.7,57.1,42.9,15:48,13:59,2.0,11.0,-1.5,40.0,47.5,-9.0,48.65
Justin Barron,23.0,TOT,D,56.0,873.0,816.0,51.7,4.2,596.0,561.0,51.5,4.1,7.8,88.0,95.7,57.9,42.1,17:01,15:58,14.0,48.0,-1.5,153.0,43.8,-34.0,51.6
Justin Barron,23.0,NSH,D,39.0,670.0,573.0,53.9,3.9,459.0,399.0,53.5,3.6,8.1,86.6,94.7,59.8,40.2,18:01,17:06,10.0,40.0,1.6,121.0,42.1,-30.0,53.7
Justin Barron,23.0,MTL,D,17.0,203.0,243.0,45.5,3.6,137.0,162.0,45.8,3.7,6.5,91.3,97.8,48.9,51.1,14:43,13:22,4.0,8.0,-3.1,32.0,50.0,-4.0,45.65
Morgan Barron,26.0,WPG,C,68.0,526.0,533.0,49.7,0.1,376.0,369.0,50.5,0.2,7.7,93.9,101.6,27.2,72.8,10:16,8:59,22.0,31.0,1.5,151.0,51.7,-9.0,50.1
Mathew Barzal,27.0,NYI,C,30.0,662.0,465.0,58.7,9.6,467.0,319.0,59.4,10.4,10.3,91.3,101.6,56.4,43.6,20:21,17:28,10.0,36.0,10.8,171.0,45.6,-26.0,59.05
Nathan Bastian,27.0,NJD,RW,55.0,414.0,467.0,47.0,-4.3,273.0,341.0,44.5,-6.0,6.4,93.0,99.5,40.3,59.7,10:51,10:01,2.0,23.0,-3.2,79.0,54.4,-21.0,45.75
Drake Batherson,26.0,OTT,C,75.0,1162.0,1136.0,50.6,0.5,838.0,814.0,50.7,0.4,7.5,89.8,97.3,50.2,49.8,18:09,14:57,20.0,48.0,-0.2,318.0,53.1,-28.0,50.650000000000006
Jake Bean,26.0,CGY,D,58.0,922.0,832.0,52.6,1.5,614.0,618.0,49.8,-1.6,6.0,93.6,99.6,62.0,38.0,15:22,14:55,24.0,42.0,-2.4,157.0,39.5,-18.0,51.2
Anthony Beauvillier,27.0,TOT,LW,75.0,966.0,880.0,52.3,1.2,670.0,635.0,51.3,1.0,9.2,91.2,100.4,47.7,52.3,12:50,12:26,15.0,27.0,3.3,246.0,56.9,-12.0,51.8
Anthony Beauvillier,27.0,PIT,LW,63.0,815.0,757.0,51.8,1.0,564.0,546.0,50.8,0.7,9.0,90.9,99.9,51.3,48.7,13:00,12:32,15.0,21.0,1.5,213.0,56.3,-6.0,51.3
Anthony Beauvillier,27.0,WSH,LW,12.0,151.0,123.0,55.1,2.7,106.0,89.0,54.4,2.8,10.6,93.0,103.6,26.3,73.7,11:58,11:56,0.0,6.0,1.8,33.0,60.6,-6.0,54.75
Owen Beck,20.0,MTL,C,12.0,116.0,120.0,49.2,2.0,79.0,78.0,50.3,3.3,3.6,90.7,94.3,60.3,39.7,9:59,9:59,1.0,11.0,1.3,18.0,55.6,-10.0,49.75
Connor Bedard,19.0,CHI,C,75.0,1160.0,1488.0,43.8,-0.6,814.0,1094.0,42.7,-1.3,9.9,88.0,97.9,57.4,42.6,20:17,17:35,23.0,82.0,-12.0,366.0,48.4,-59.0,43.25
John Beecher,23.0,BOS,C,74.0,577.0,705.0,45.0,-4.2,411.0,477.0,46.3,-1.8,8.1,90.4,98.6,17.9,82.1,11:16,9:39,14.0,43.0,-7.8,93.0,45.2,-29.0,45.65
Kieffer Bellows,26.0,NSH,LW,18.0,146.0,166.0,46.8,-4.0,98.0,117.0,45.6,-6.0,2.9,88.9,91.7,36.6,63.4,10:45,10:14,3.0,9.0,0.3,52.0,48.1,-6.0,46.2
Emil Bemström,25.0,PIT,C,13.0,99.0,67.0,59.6,11.6,63.0,47.0,57.3,10.5,2.3,96.4,98.7,52.9,47.1,8:20,8:01,1.0,5.0,0.8,24.0,50.0,-4.0,58.45
Matty Beniers,22.0,SEA,C,76.0,1194.0,1186.0,50.2,2.7,855.0,857.0,49.9,2.1,10.7,89.7,100.4,50.6,49.4,18:41,15:45,26.0,66.0,-1.3,298.0,46.3,-40.0,50.05
Jamie Benn,35.0,DAL,LW,74.0,903.0,1023.0,46.9,-4.0,613.0,737.0,45.4,-4.5,12.2,90.8,103.0,48.7,51.3,15:15,12:18,13.0,54.0,3.1,228.0,52.6,-41.0,46.15
Sam Bennett,28.0,FLA,C,73.0,1309.0,1039.0,55.7,0.2,956.0,798.0,54.5,0.0,8.7,88.0,96.7,58.8,41.2,17:25,15:01,26.0,52.0,12.6,407.0,57.2,-26.0,55.1
Matt Benning,30.0,SJS,D,7.0,72.0,111.0,39.3,-8.0,54.0,84.0,39.1,-8.9,2.6,88.2,90.8,55.1,44.9,13:02,12:03,1.0,4.0,-0.6,15.0,46.7,-3.0,39.2
Simon Benoit,26.0,TOR,D,71.0,815.0,1105.0,42.4,-7.1,606.0,765.0,44.2,-5.7,10.1,92.6,102.7,36.5,63.5,16:14,14:11,12.0,64.0,-9.1,94.0,44.7,-52.0,43.3
Zach Benson,19.0,BUF,LW,67.0,866.0,692.0,55.6,8.2,602.0,513.0,54.0,6.5,9.6,88.7,98.3,51.3,48.7,14:37,12:12,14.0,36.0,1.5,189.0,54.5,-22.0,54.8
Brett Berard,22.0,NYR,LW,31.0,287.0,351.0,45.0,-5.4,203.0,241.0,45.7,-3.9,8.1,88.6,96.7,48.8,51.2,10:34,10:28,6.0,17.0,-4.8,91.0,51.6,-11.0,45.35
Jonatan Berggren,24.0,DET,RW,67.0,704.0,804.0,46.7,-1.5,496.0,585.0,45.9,-1.9,6.7,92.2,98.9,50.6,49.4,12:51,12:01,10.0,24.0,-3.9,169.0,46.2,-14.0,46.3
Jacob Bernard-Docker,24.0,TOT,D,32.0,362.0,397.0,47.7,0.1,259.0,269.0,49.1,1.2,12.6,89.8,102.5,49.5,50.5,13:18,13:10,2.0,13.0,-1.1,64.0,31.3,-11.0,48.400000000000006
Jacob Bernard-Docker,24.0,OTT,D,25.0,290.0,285.0,50.4,0.9,205.0,193.0,51.5,1.3,11.2,89.2,100.4,51.9,48.1,13:06,0.541666667,1.0,9.0,-2.6,55.0,32.7,-8.0,50.95
Jacob Bernard-Docker,24.0,BUF,D,7.0,72.0,112.0,39.1,-0.5,54.0,76.0,41.5,3.2,17.5,91.5,109.0,43.8,56.3,0.583333333,13:48,1.0,4.0,1.5,9.0,22.2,-3.0,40.3
Tyler Bertuzzi,29.0,CHI,LW,75.0,849.0,1065.0,44.4,0.2,581.0,790.0,42.4,-1.5,9.7,86.1,95.8,49.5,50.5,16:02,13:32,18.0,45.0,-12.1,224.0,53.6,-27.0,43.4
Lian Bichsel,20.0,DAL,D,32.0,427.0,419.0,50.5,3.3,290.0,299.0,49.2,2.8,12.8,90.2,102.9,52.8,47.2,14:46,14:16,4.0,20.0,-0.5,84.0,36.9,-16.0,49.85
Clark Bishop,28.0,CGY,C,6.0,31.0,44.0,41.3,-11.5,23.0,36.0,39.0,-14.4,5.9,87.0,92.8,57.9,42.1,7:15,6:47,1.0,2.0,-0.3,4.0,100.0,-1.0,40.15
Oliver Bjorkstrand,29.0,TOT,RW,75.0,971.0,915.0,51.5,3.6,691.0,640.0,51.9,3.9,10.5,89.7,100.2,52.4,47.6,15:08,12:53,25.0,61.0,-3.8,284.0,50.7,-36.0,51.7
Oliver Bjorkstrand,29.0,SEA,RW,61.0,821.0,793.0,50.9,4.0,587.0,558.0,51.3,4.4,10.2,89.3,99.5,53.9,46.1,15:28,13:10,21.0,56.0,-3.2,244.0,50.8,-35.0,51.099999999999994
Oliver Bjorkstrand,29.0,TBL,RW,14.0,150.0,122.0,55.1,2.7,104.0,82.0,55.9,2.8,12.7,91.9,104.6,45.8,54.2,13:40,11:39,4.0,5.0,-0.5,40.0,50.0,-1.0,55.5
Tobias Björnfot,23.0,FLA,D,14.0,188.0,150.0,55.6,-2.3,138.0,104.0,57.0,1.0,8.0,84.9,92.9,56.2,43.8,13:06,12:35,1.0,6.0,3.0,28.0,35.7,-5.0,56.3
Nick Bjugstad,32.0,UTA,C,60.0,705.0,672.0,51.2,-1.7,511.0,480.0,51.6,-1.2,6.5,90.8,97.3,48.4,51.6,12:27,11:38,11.0,34.0,1.2,186.0,54.3,-23.0,51.400000000000006
Colin Blackwell,31.0,DAL,C,59.0,547.0,514.0,51.6,0.9,361.0,361.0,50.0,0.4,8.8,91.8,100.6,41.9,58.1,11:32,9:38,14.0,32.0,0.3,125.0,48.0,-18.0,50.8
Jackson Blake,21.0,CAR,RW,74.0,1011.0,625.0,61.8,3.4,698.0,441.0,61.3,3.9,7.7,92.1,99.8,60.8,39.2,13:38,11:33,19.0,52.0,14.7,225.0,58.7,-33.0,61.55
Nick Blankenburg,26.0,NSH,D,54.0,848.0,846.0,50.1,-2.2,593.0,629.0,48.5,-3.6,10.3,91.8,102.1,45.4,54.6,19:18,16:04,18.0,45.0,1.4,175.0,43.4,-27.0,49.3
Teddy Blueger,30.0,VAN,C,75.0,813.0,909.0,47.2,-2.8,580.0,638.0,47.6,-1.9,9.5,89.2,98.7,40.8,59.2,14:18,12:06,20.0,46.0,-9.7,167.0,50.9,-26.0,47.400000000000006
Matěj Blümel,24.0,DAL,RW,7.0,42.0,52.0,44.7,-2.6,31.0,38.0,44.9,-2.0,4.2,92.3,96.5,25.7,74.3,8:26,8:23,1.0,2.0,0.2,15.0,66.7,-1.0,44.8
Brock Boeser,27.0,VAN,RW,68.0,975.0,996.0,49.5,0.1,682.0,714.0,48.9,-0.4,10.1,85.7,95.9,60.0,40.0,18:06,14:52,15.0,36.0,1.9,289.0,46.0,-21.0,49.2
Zach Bogosian,34.0,MIN,D,75.0,920.0,1129.0,44.9,-2.6,679.0,823.0,45.2,-2.8,9.4,92.1,101.5,40.6,59.4,15:58,14:08,20.0,65.0,-2.7,186.0,39.8,-45.0,45.05
Samuel Bolduc,24.0,NYI,D,1.0,7.0,2.0,77.8,25.1,4.0,1.0,80.0,29.3,0.0,0.0,0.0,100.0,0.0,5:56,5:56,0.0,0.0,0.0,1.0,0.0,0.0,78.9
Zachary Bolduc,21.0,STL,C,67.0,713.0,660.0,51.9,2.9,491.0,454.0,52.0,2.8,11.9,92.8,104.7,54.8,45.2,12:44,11:29,16.0,56.0,8.3,223.0,48.0,-40.0,51.95
Matt Boldy,23.0,MIN,LW,76.0,1245.0,1256.0,49.8,4.4,917.0,885.0,50.9,5.4,10.4,89.8,100.1,46.1,53.9,20:03,16:33,41.0,78.0,3.2,509.0,49.9,-37.0,50.349999999999994
Adam Boqvist,24.0,TOT,D,34.0,426.0,399.0,51.6,-0.4,305.0,287.0,51.5,0.8,8.7,89.0,97.7,61.4,38.6,13:55,11:47,4.0,21.0,4.0,101.0,38.6,-17.0,51.55
Adam Boqvist,24.0,FLA,D,18.0,224.0,202.0,52.6,-0.7,151.0,147.0,50.7,-1.0,7.8,89.4,97.3,63.0,37.0,12:51,10:48,4.0,8.0,1.8,53.0,39.6,-4.0,51.650000000000006
Adam Boqvist,24.0,NYI,D,16.0,202.0,197.0,50.6,-0.1,154.0,140.0,52.4,2.6,9.7,88.5,98.2,59.8,40.2,15:07,12:53,0.0,13.0,2.2,48.0,37.5,-13.0,51.5
Jesper Boqvist,26.0,FLA,C,72.0,793.0,761.0,51.0,-5.9,549.0,579.0,48.7,-7.5,9.6,90.6,100.2,57.0,43.0,13:06,11:46,16.0,27.0,-0.5,151.0,51.7,-11.0,49.85
William Borgen,28.0,TOT,D,77.0,1080.0,1250.0,46.4,-2.9,764.0,876.0,46.6,-3.1,9.8,89.3,99.1,41.9,58.1,17:01,15:37,20.0,71.0,-11.8,193.0,37.3,-51.0,46.5
William Borgen,28.0,NYR,D,44.0,680.0,757.0,47.3,-2.1,485.0,541.0,47.3,-2.6,10.7,90.6,101.4,35.4,64.6,18:23,16:57,14.0,51.0,-6.1,110.0,43.6,-37.0,47.3
William Borgen,28.0,SEA,D,33.0,400.0,493.0,44.8,-4.3,279.0,335.0,45.4,-4.1,8.0,87.1,95.1,53.1,46.9,15:12,13:50,6.0,20.0,-5.7,83.0,28.9,-14.0,45.099999999999994
Robert Bortuzzo,35.0,UTA,D,16.0,135.0,131.0,50.8,-1.2,98.0,86.0,53.3,1.4,4.8,91.2,96.1,62.1,37.9,10:53,9:26,0.0,17.0,1.8,16.0,43.8,-17.0,52.05
Evan Bouchard,25.0,EDM,D,75.0,1818.0,1208.0,60.1,10.1,1314.0,910.0,59.1,8.2,9.4,88.9,98.3,61.7,38.3,23:21,19:53,47.0,124.0,23.1,494.0,42.7,-77.0,59.6
Mavrik Bourque,23.0,DAL,C,66.0,748.0,652.0,53.4,3.8,485.0,476.0,50.5,1.3,10.9,91.3,102.3,43.8,56.3,12:32,11:26,11.0,35.0,4.6,148.0,48.0,-24.0,51.95
Shane Bowers,25.0,NJD,C,4.0,24.0,27.0,47.1,-10.6,19.0,20.0,48.7,-12.2,10.0,86.7,96.7,75.0,25.0,8:15,8:08,1.0,1.0,-0.6,2.0,100.0,0.0,47.900000000000006
Travis Boyd,31.0,MIN,C,3.0,12.0,39.0,23.5,-24.5,6.0,23.0,20.7,-28.0,0.0,100.0,100.0,11.1,88.9,7:48,7:19,0.0,2.0,-0.2,3.0,0.0,-2.0,22.1
Chase Bradley,23.0,COL,LW,2.0,8.0,8.0,50.0,-12.2,4.0,3.0,57.1,-6.1,0.0,100.0,100.0,0.0,100.0,5:35,5:35,0.0,0.0,-0.2,2.0,0.0,0.0,53.55
Erik Brännström,25.0,VAN,D,28.0,340.0,357.0,48.8,0.2,238.0,254.0,48.4,-0.5,9.0,88.9,97.9,66.5,33.5,14:56,13:55,6.0,26.0,-0.7,81.0,40.7,-20.0,48.599999999999994
Jesper Bratt,26.0,NJD,W,76.0,1276.0,1090.0,53.9,4.2,865.0,798.0,52.0,2.8,11.6,89.3,100.9,69.3,30.7,18:53,14:27,11.0,55.0,6.5,361.0,45.7,-44.0,52.95
Justin Brazeau,26.0,TOT,F,71.0,721.0,788.0,47.8,-1.0,503.0,569.0,46.9,-1.8,7.1,92.2,99.3,47.6,52.4,12:07,10:51,13.0,40.0,-1.4,153.0,56.2,-27.0,47.349999999999994
Justin Brazeau,26.0,BOS,F,57.0,626.0,643.0,49.3,0.3,427.0,475.0,47.3,-1.6,7.5,91.9,99.4,48.3,51.7,12:58,11:26,10.0,33.0,0.4,138.0,56.5,-23.0,48.3
Justin Brazeau,26.0,MIN,F,14.0,95.0,145.0,39.6,-8.2,76.0,94.0,44.7,-3.4,4.8,93.5,98.3,44.3,55.7,8:37,8:30,3.0,7.0,-1.9,15.0,53.3,-4.0,42.150000000000006
Bobby Brink,23.0,PHI,RW,73.0,818.0,850.0,49.0,0.9,597.0,587.0,50.4,-0.1,10.8,87.0,97.7,41.2,58.8,14:44,12:49,19.0,56.0,1.9,195.0,50.3,-37.0,49.7
Guillaume Brisebois,27.0,VAN,D,3.0,37.0,43.0,46.3,-7.2,25.0,31.0,44.6,-10.5,6.3,95.0,101.3,71.4,28.6,15:48,15:38,1.0,0.0,-1.2,6.0,33.3,1.0,45.45
Brendan Brisson,23.0,VEG,C,9.0,69.0,95.0,42.1,-1.8,51.0,72.0,41.5,-4.4,9.4,88.9,98.3,40.7,59.3,9:52,9:52,1.0,1.0,-1.7,18.0,38.9,0.0,41.8
Philip Broberg,23.0,STL,D,64.0,1119.0,1181.0,48.7,-0.9,796.0,839.0,48.7,-1.0,10.3,94.0,104.2,47.2,52.8,20:27,18:37,22.0,95.0,8.6,231.0,40.7,-73.0,48.7
T.J. Brodie,34.0,CHI,D,54.0,681.0,814.0,45.6,1.6,476.0,600.0,44.2,0.4,7.7,89.6,97.2,48.0,52.0,15:38,15:07,14.0,46.0,-12.1,77.0,29.9,-32.0,44.900000000000006
Jonas Brodin,31.0,MIN,D,44.0,800.0,906.0,46.9,0.6,567.0,602.0,48.5,2.5,12.1,90.2,102.3,47.5,52.5,22:29,20:34,14.0,47.0,-1.4,146.0,45.2,-33.0,47.7
Jonny Brodzinski,31.0,NYR,C,44.0,420.0,502.0,45.6,-3.8,298.0,369.0,44.7,-4.7,9.9,95.7,105.6,39.5,60.5,11:21,10:40,9.0,21.0,-6.5,115.0,53.9,-12.0,45.150000000000006
Connor Brown,31.0,EDM,RW,75.0,787.0,857.0,47.9,-7.7,560.0,599.0,48.3,-7.4,8.9,91.9,100.8,40.0,60.0,13:40,12:02,25.0,50.0,-1.2,181.0,57.5,-25.0,48.099999999999994
Josh Brown,31.0,EDM,D,8.0,70.0,88.0,44.3,-9.9,48.0,60.0,44.4,-10.0,5.4,93.2,98.6,48.3,51.7,11:29,10:22,0.0,3.0,-0.4,13.0,38.5,-3.0,44.349999999999994
Patrick Brown,32.0,BOS,C,15.0,103.0,150.0,40.7,-7.5,60.0,93.0,39.2,-7.4,5.1,94.3,99.4,17.7,82.3,10:34,9:40,3.0,10.0,-5.7,22.0,50.0,-7.0,39.95
Jacob Bryson,27.0,BUF,D,45.0,503.0,604.0,45.4,-5.5,355.0,438.0,44.8,-5.7,11.9,87.5,99.4,37.7,62.3,14:24,13:23,8.0,31.0,-8.2,50.0,36.0,-23.0,45.099999999999994
Pavel Buchnevich,29.0,STL,LW,71.0,1106.0,1096.0,50.2,1.7,797.0,786.0,50.3,1.8,12.3,89.6,101.9,55.7,44.3,18:59,15:39,14.0,62.0,5.9,278.0,48.9,-48.0,50.25
Michael Bunting,29.0,TOT,LW,70.0,974.0,883.0,52.5,2.6,668.0,623.0,51.7,2.6,7.9,87.2,95.1,60.6,39.4,15:25,13:19,12.0,52.0,1.1,281.0,48.0,-40.0,52.1
Michael Bunting,29.0,PIT,LW,58.0,786.0,724.0,52.1,2.0,539.0,511.0,51.3,1.9,8.5,87.7,96.3,61.1,38.9,15:15,12:59,10.0,38.0,1.3,231.0,47.6,-28.0,51.7
Michael Bunting,29.0,NSH,LW,12.0,188.0,159.0,54.2,5.9,129.0,112.0,53.5,6.3,5.1,84.7,89.9,58.3,41.7,16:14,15:00,2.0,14.0,-0.2,50.0,50.0,-12.0,53.85
André Burakovsky,29.0,SEA,LW,73.0,925.0,990.0,48.3,0.2,667.0,732.0,47.7,-0.7,10.1,89.9,100.0,51.8,48.2,14:24,12:53,17.0,33.0,-1.4,206.0,52.9,-16.0,48.0
Callahan Burke,27.0,VEG,C,7.0,61.0,86.0,41.5,-6.2,44.0,62.0,41.5,-4.8,11.8,94.6,106.4,72.7,27.3,10:50,10:47,0.0,3.0,-0.6,17.0,70.6,-3.0,41.5
Brent Burns,39.0,CAR,D/RW,74.0,1570.0,1158.0,57.6,-2.5,1111.0,838.0,57.0,-1.9,10.2,89.0,99.3,54.5,45.5,21:22,17:11,36.0,92.0,7.3,428.0,38.8,-56.0,57.3
Kyle Burroughs,29.0,LAK,D,29.0,197.0,174.0,53.1,0.4,138.0,125.0,52.5,-1.3,10.8,90.2,101.0,54.8,45.2,7:35,7:10,3.0,17.0,1.0,19.0,26.3,-14.0,52.8
Quinton Byfield,22.0,LAK,C,75.0,1241.0,1001.0,55.4,3.1,862.0,706.0,55.0,1.6,11.7,89.7,101.4,53.5,46.5,18:35,15:12,24.0,64.0,2.1,328.0,44.2,-40.0,55.2
Bowen Byram,23.0,BUF,D,74.0,1391.0,1423.0,49.4,-0.3,1013.0,1028.0,49.6,0.6,12.5,88.7,101.2,51.8,48.2,22:52,19:50,15.0,73.0,-4.1,187.0,44.4,-58.0,49.5
Drake Caggiula,30.0,EDM,LW,7.0,37.0,61.0,37.8,-16.0,21.0,36.0,36.8,-17.1,12.5,93.1,105.6,66.7,33.3,7:18,7:18,0.0,3.0,-1.7,9.0,66.7,-3.0,37.3
Luca Cagnoni,20.0,SJS,D,5.0,65.0,76.0,46.1,0.6,43.0,56.0,43.4,-3.6,3.8,88.6,92.4,63.6,36.4,17:37,14:43,1.0,5.0,-0.4,23.0,30.4,-4.0,44.75
Michael Callahan,25.0,BOS,D,14.0,160.0,218.0,42.3,-7.6,116.0,166.0,41.1,-7.2,6.8,91.7,98.4,25.8,74.2,13:32,12:37,1.0,10.0,-2.2,22.0,27.3,-9.0,41.7
Kyle Capobianco,27.0,DAL,D,1.0,6.0,7.0,46.2,-2.3,4.0,5.0,44.4,-5.6,0.0,33.3,33.3,33.3,66.7,11:23,10:50,1.0,0.0,-0.2,1.0,0.0,1.0,45.3
Michael Carcone,28.0,UTA,F,52.0,608.0,520.0,53.9,0.9,422.0,360.0,54.0,1.1,9.2,86.5,95.8,51.0,49.0,11:26,10:41,6.0,36.0,1.4,179.0,40.8,-30.0,53.95
Ethan Cardwell,22.0,SJS,RW,6.0,58.0,81.0,41.7,1.2,35.0,54.0,39.3,-3.1,9.5,89.2,98.7,45.5,54.5,11:32,10:26,1.0,5.0,-0.9,11.0,45.5,-4.0,40.5
Declan Carlile,24.0,TBL,D,3.0,37.0,32.0,53.6,-1.8,31.0,26.0,54.4,-1.9,11.1,100.0,111.1,60.0,40.0,13:00,13:00,0.0,3.0,-0.2,8.0,37.5,-3.0,54.0
Brandon Carlo,28.0,TOT,D,76.0,1044.0,1293.0,44.7,-4.4,761.0,914.0,45.4,-3.1,9.4,91.6,101.0,30.3,69.7,18:42,15:59,17.0,100.0,-7.3,185.0,38.4,-83.0,45.05
Brandon Carlo,28.0,BOS,D,63.0,864.0,1035.0,45.5,-4.6,616.0,731.0,45.7,-3.6,9.3,91.2,100.6,28.5,71.5,18:48,15:55,14.0,82.0,-8.1,160.0,40.0,-68.0,45.6
Brandon Carlo,28.0,TOR,D,13.0,180.0,258.0,41.1,-2.9,145.0,183.0,44.2,-0.7,10.0,93.0,103.0,38.9,61.1,18:14,16:19,3.0,18.0,0.8,25.0,28.0,-15.0,42.650000000000006
John Carlson,35.0,WSH,D,75.0,1456.0,1248.0,53.8,5.2,1062.0,882.0,54.6,5.2,11.5,89.0,100.6,52.0,48.0,23:38,17:43,29.0,109.0,15.1,376.0,43.1,-80.0,54.2
Leo Carlsson,20.0,ANA,C,69.0,884.0,993.0,47.1,2.4,627.0,698.0,47.3,2.4,9.7,92.8,102.5,52.3,47.7,16:05,13:15,16.0,47.0,-5.7,199.0,49.2,-31.0,47.2
Lucas Carlsson,27.0,SJS,D,6.0,101.0,128.0,44.1,-3.8,72.0,81.0,47.1,-0.8,11.1,87.3,98.4,52.4,47.6,18:48,16:45,1.0,1.0,-1.1,15.0,53.3,0.0,45.6
Sam Carrick,32.0,NYR,C,74.0,645.0,806.0,44.5,-5.6,463.0,551.0,45.7,-4.1,8.9,93.0,101.9,20.3,79.7,11:47,10:35,14.0,42.0,-7.8,145.0,51.0,-28.0,45.1
Alexandre Carrier,28.0,TOT,D,72.0,1197.0,1388.0,46.3,-5.5,839.0,980.0,46.1,-5.1,10.3,88.9,99.2,40.3,59.7,20:30,18:20,22.0,56.0,-10.3,167.0,47.3,-34.0,46.2
Alexandre Carrier,28.0,MTL,D,44.0,758.0,890.0,46.0,-3.8,533.0,618.0,46.3,-3.9,11.8,89.4,101.2,36.2,63.8,20:44,19:01,9.0,30.0,-2.1,110.0,50.9,-21.0,46.15
Alexandre Carrier,28.0,NSH,D,28.0,439.0,498.0,46.9,-8.1,306.0,362.0,45.8,-7.1,7.4,88.2,95.6,48.7,51.3,20:08,17:15,13.0,26.0,-8.2,57.0,40.4,-13.0,46.349999999999994
William Carrier,30.0,CAR,LW,39.0,547.0,346.0,61.3,2.5,381.0,250.0,60.4,2.4,8.6,89.1,97.7,53.9,46.1,11:37,11:18,11.0,17.0,3.2,104.0,40.4,-6.0,60.849999999999994
Seamus Casey,21.0,NJD,D,10.0,92.0,129.0,41.6,-5.1,65.0,90.0,41.9,-5.4,12.8,98.3,111.0,68.3,31.7,11:57,10:36,2.0,9.0,0.7,22.0,40.9,-7.0,41.75
Noah Cates,25.0,PHI,LW,72.0,860.0,894.0,49.0,0.3,627.0,611.0,50.6,-0.2,10.6,90.0,100.6,36.7,63.3,15:52,13:23,19.0,30.0,3.7,203.0,51.7,-11.0,49.8
Cole Caufield,24.0,MTL,RW,75.0,1203.0,1132.0,51.5,5.8,874.0,794.0,52.4,7.0,10.9,90.2,101.0,59.6,40.4,18:08,0.625,21.0,52.0,0.0,398.0,55.0,-31.0,51.95
Cody Ceci,31.0,TOT,D,78.0,1263.0,1713.0,42.4,-5.2,891.0,1237.0,41.9,-4.5,12.0,92.0,104.0,41.8,58.2,21:26,18:48,21.0,71.0,-24.2,198.0,39.9,-50.0,42.15
Cody Ceci,31.0,SJS,D,54.0,872.0,1182.0,42.5,-4.6,626.0,854.0,42.3,-3.8,9.7,90.8,100.5,46.0,54.0,21:46,18:44,16.0,53.0,-19.9,135.0,44.4,-37.0,42.4
Cody Ceci,31.0,DAL,D,24.0,391.0,531.0,42.4,-6.7,265.0,383.0,40.9,-6.1,17.9,94.6,112.5,34.0,66.0,20:39,18:58,5.0,18.0,-4.3,63.0,30.2,-13.0,41.65
Macklin Celebrini,18.0,SJS,F,63.0,1101.0,1074.0,50.6,7.4,793.0,747.0,51.5,8.4,8.2,86.3,94.5,54.9,45.1,19:52,16:27,26.0,99.0,-1.2,416.0,51.4,-73.0,51.05
Erik Černák,27.0,TBL,D,69.0,987.0,1089.0,47.5,-4.2,703.0,751.0,48.3,-2.9,12.8,93.6,106.4,37.1,62.9,18:22,15:56,18.0,34.0,3.0,168.0,35.7,-16.0,47.9
Thomas Chabot,28.0,OTT,D,74.0,1587.0,1390.0,53.3,5.3,1104.0,991.0,52.7,3.7,9.2,90.8,100.1,55.2,44.8,23:01,19:09,31.0,89.0,4.7,415.0,39.0,-58.0,53.0
Mitchell Chaffee,27.0,TBL,F,62.0,516.0,668.0,43.6,-7.7,366.0,494.0,42.6,-8.5,10.8,92.6,103.4,46.6,53.4,12:08,10:54,9.0,27.0,-10.1,115.0,55.7,-18.0,43.1
Jalen Chatfield,28.0,CAR,D,74.0,1443.0,1012.0,58.8,-0.5,1025.0,758.0,57.5,-1.1,10.1,90.8,100.9,53.7,46.3,18:51,0.708333333,25.0,76.0,4.9,287.0,37.6,-51.0,58.15
Ben Chiarot,33.0,DET,D,73.0,1240.0,1612.0,43.5,-6.9,871.0,1146.0,43.2,-7.0,9.1,90.9,99.9,43.6,56.4,21:21,19:22,23.0,78.0,-12.3,238.0,42.0,-55.0,43.35
Nikita Chibrikov,21.0,WPG,RW,4.0,34.0,55.0,38.2,-6.5,27.0,37.0,42.2,-3.3,11.1,96.2,107.3,64.3,35.7,11:24,10:35,1.0,3.0,0.2,10.0,60.0,-2.0,40.2
Yegor Chinakhov,23.0,CBJ,RW,29.0,470.0,405.0,53.7,1.5,348.0,309.0,53.0,0.4,7.3,89.1,96.4,59.7,40.3,15:52,13:42,4.0,17.0,0.9,139.0,48.9,-13.0,53.35
Declan Chisholm,25.0,MIN,D,62.0,933.0,946.0,49.7,4.3,665.0,676.0,49.6,3.9,7.2,91.5,98.7,47.0,53.0,17:04,15:57,25.0,78.0,-1.1,150.0,41.3,-53.0,49.650000000000006
Dennis Cholowski,26.0,TOT,D,38.0,376.0,454.0,45.3,-3.4,278.0,315.0,46.9,-2.6,9.7,91.1,100.8,57.2,42.8,13:03,11:46,8.0,38.0,-1.1,72.0,38.9,-30.0,46.099999999999994
Dennis Cholowski,26.0,NYI,D,33.0,325.0,398.0,45.0,-3.2,242.0,271.0,47.2,-1.9,10.3,91.0,101.3,54.7,45.3,12:48,11:26,8.0,33.0,-1.0,61.0,42.6,-25.0,46.1
Dennis Cholowski,26.0,NJD,D,5.0,51.0,56.0,47.7,-5.0,36.0,44.0,45.0,-7.7,4.8,91.7,96.4,75.0,25.0,14:42,13:59,0.0,5.0,-0.1,11.0,18.2,-5.0,46.35
Jake Christiansen,25.0,CBJ,D,66.0,707.0,895.0,44.1,-4.4,513.0,635.0,44.7,-4.6,11.1,92.0,103.1,45.9,54.1,12:41,12:13,8.0,50.0,-6.5,131.0,43.5,-42.0,44.400000000000006
Jakob Chychrun,26.0,WSH,D,70.0,1393.0,1233.0,53.0,3.5,968.0,883.0,52.3,1.0,12.7,90.1,102.8,58.1,41.9,21:00,18:40,34.0,76.0,4.2,438.0,39.7,-42.0,52.65
Filip Chytil,25.0,TOT,C,56.0,784.0,749.0,51.1,2.4,576.0,559.0,50.7,1.4,8.0,90.1,98.1,61.8,38.2,14:58,13:26,15.0,36.0,-1.6,255.0,52.2,-21.0,50.900000000000006
Filip Chytil,25.0,NYR,C,41.0,547.0,551.0,49.8,0.7,402.0,416.0,49.1,-0.3,9.5,92.1,101.6,61.1,38.9,14:20,13:06,8.0,25.0,-2.9,177.0,50.3,-17.0,49.45
Filip Chytil,25.0,VAN,C,15.0,237.0,198.0,54.5,6.8,174.0,143.0,54.9,5.6,4.5,84.2,88.7,63.5,36.5,16:42,14:20,7.0,11.0,1.3,78.0,56.4,-4.0,54.7
Anthony Cirelli,27.0,TBL,C,73.0,1293.0,1023.0,55.8,7.8,906.0,729.0,55.4,7.2,12.2,89.5,101.7,44.0,56.0,18:45,15:26,19.0,61.0,19.4,263.0,55.9,-42.0,55.599999999999994
Casey Cizikas,33.0,NYI,C,74.0,798.0,859.0,48.2,-1.8,569.0,600.0,48.7,-2.0,7.4,88.9,96.4,42.0,58.0,12:54,11:59,17.0,36.0,-5.1,167.0,49.1,-19.0,48.45
Brandt Clarke,21.0,LAK,D,71.0,1141.0,955.0,54.4,2.2,822.0,666.0,55.2,2.1,10.6,89.7,100.3,60.5,39.5,16:07,14:16,24.0,58.0,5.0,246.0,48.8,-34.0,54.8
Connor Clifton,29.0,BUF,D,65.0,733.0,869.0,45.8,-5.4,512.0,626.0,45.0,-5.5,12.0,89.8,101.8,31.7,68.3,15:42,12:52,23.0,62.0,-9.6,162.0,34.0,-39.0,45.4
Nathan Clurman,26.0,PIT,D,1.0,19.0,7.0,73.1,30.1,15.0,5.0,75.0,29.5,0.0,100.0,100.0,50.0,50.0,11:05,11:05,0.0,0.0,1.1,4.0,100.0,0.0,74.05
Dylan Coghlan,26.0,WPG,D,6.0,83.0,96.0,46.4,-1.6,65.0,68.0,48.9,-2.8,7.7,94.9,102.6,41.7,58.3,15:21,14:32,2.0,8.0,0.4,23.0,39.1,-6.0,47.65
Sam Colangelo,23.0,ANA,RW,25.0,256.0,353.0,42.0,-6.9,193.0,261.0,42.5,-5.6,13.1,88.0,101.1,45.8,54.2,12:19,11:08,1.0,13.0,-2.3,69.0,46.4,-12.0,42.25
Ian Cole,35.0,UTA,D,76.0,1389.0,1288.0,51.9,-1.6,995.0,888.0,52.8,-0.1,8.6,90.4,99.0,49.5,50.5,20:18,17:26,23.0,107.0,-1.9,177.0,35.0,-84.0,52.349999999999994
Blake Coleman,33.0,CGY,C,75.0,1172.0,1032.0,53.2,2.6,803.0,703.0,53.3,3.3,7.3,90.6,97.9,41.2,58.8,17:40,14:15,30.0,68.0,0.5,359.0,50.1,-38.0,53.25
Ross Colton,28.0,COL,C,60.0,826.0,719.0,53.5,-1.2,575.0,494.0,53.8,-0.6,8.0,91.1,99.1,50.8,49.2,14:26,12:45,15.0,47.0,5.9,246.0,49.2,-32.0,53.65
J.T. Compher,29.0,DET,LW,68.0,753.0,1025.0,42.4,-7.7,537.0,726.0,42.5,-7.2,10.3,91.7,102.0,46.5,53.5,16:44,13:41,16.0,47.0,-9.3,150.0,58.7,-31.0,42.45
Lucas Condotta,27.0,MTL,F,7.0,49.0,50.0,49.5,-4.6,28.0,34.0,45.2,-7.4,13.3,84.0,97.3,40.7,59.3,8:12,7:55,0.0,2.0,-1.1,10.0,50.0,-2.0,47.35
Kyle Connor,28.0,WPG,LW,76.0,1257.0,1339.0,48.4,-1.8,911.0,968.0,48.5,-2.8,13.4,90.3,103.7,64.9,35.1,20:23,16:44,30.0,73.0,5.1,444.0,55.4,-43.0,48.45
Logan Cooley,20.0,UTA,C,69.0,1038.0,989.0,51.2,-2.0,716.0,684.0,51.1,-2.0,12.0,87.7,99.7,62.4,37.6,17:55,14:21,22.0,61.0,2.8,271.0,53.1,-39.0,51.150000000000006
Andrew Copp,30.0,DET,C,56.0,647.0,737.0,46.7,-0.9,467.0,523.0,47.2,0.8,10.6,91.5,102.1,50.6,49.4,14:42,13:13,18.0,37.0,-2.5,119.0,57.1,-19.0,46.95
Matthew Coronato,22.0,CGY,RW,70.0,1166.0,1045.0,52.7,1.7,814.0,726.0,52.9,2.6,8.3,91.5,99.9,47.9,52.1,17:29,15:00,20.0,45.0,-5.1,337.0,47.5,-25.0,52.8
Paul Cotter,25.0,NJD,C,75.0,847.0,839.0,50.2,-1.1,587.0,612.0,49.0,-1.5,7.9,89.2,97.2,44.9,55.1,13:14,12:42,16.0,38.0,-1.7,194.0,44.3,-22.0,49.6
Nick Cousins,31.0,OTT,C,47.0,534.0,507.0,51.3,-0.6,365.0,354.0,50.8,-2.0,8.5,90.0,98.5,40.3,59.7,11:54,11:48,5.0,23.0,0.2,116.0,54.3,-18.0,51.05
Sean Couturier,32.0,PHI,C,73.0,1150.0,1091.0,51.3,3.7,821.0,737.0,52.7,2.8,11.4,87.9,99.3,50.8,49.2,17:04,15:11,26.0,74.0,11.5,237.0,59.1,-48.0,52.0
Charlie Coyle,32.0,TOT,C/RW,78.0,1015.0,1093.0,48.1,-2.6,690.0,754.0,47.8,-2.6,9.4,90.1,99.5,38.5,61.5,16:54,13:11,41.0,48.0,0.4,208.0,49.5,-7.0,47.95
Charlie Coyle,32.0,BOS,C/RW,64.0,851.0,943.0,47.4,-1.9,570.0,656.0,46.5,-2.5,8.8,89.4,98.1,36.8,63.2,17:38,13:36,38.0,42.0,-1.6,187.0,49.2,-4.0,46.95
Charlie Coyle,32.0,COL,C/RW,14.0,164.0,150.0,52.2,-3.9,120.0,98.0,55.0,-0.9,12.3,95.2,107.5,47.7,52.3,13:32,11:17,3.0,6.0,2.1,21.0,52.4,-3.0,53.6
Dylan Cozens,23.0,TOT,C,75.0,1099.0,1051.0,51.1,1.0,780.0,788.0,49.7,-0.6,10.5,86.9,97.5,53.4,46.6,17:02,14:06,14.0,63.0,-1.6,312.0,56.1,-49.0,50.400000000000006
Dylan Cozens,23.0,BUF,C,61.0,910.0,859.0,51.4,1.0,641.0,647.0,49.8,-0.9,10.6,86.6,97.2,54.2,45.8,17:13,14:17,13.0,56.0,-1.2,253.0,54.9,-43.0,50.599999999999994
Dylan Cozens,23.0,OTT,C,14.0,189.0,192.0,49.6,0.8,139.0,141.0,49.6,1.2,10.3,88.1,98.4,49.1,50.9,16:13,13:19,1.0,7.0,-0.4,59.0,61.0,-6.0,49.6
Louis Crevier,23.0,CHI,D,30.0,343.0,504.0,40.5,-2.5,244.0,361.0,40.3,-1.4,10.3,90.3,100.7,34.4,65.6,17:30,15:53,3.0,29.0,-7.7,69.0,40.6,-26.0,40.4
Angus Crookshank,25.0,OTT,LW,3.0,30.0,18.0,62.5,9.2,19.0,14.0,57.6,7.6,7.1,81.8,89.0,36.4,63.6,9:11,9:05,0.0,2.0,0.1,7.0,71.4,-2.0,60.05
Sidney Crosby,37.0,PIT,C,74.0,1452.0,1311.0,52.6,4.1,1046.0,974.0,51.8,4.0,11.5,85.5,96.9,60.9,39.1,20:25,17:15,27.0,78.0,-0.9,384.0,53.6,-51.0,52.2
Lawson Crouse,27.0,UTA,LW,75.0,914.0,816.0,52.8,0.1,643.0,578.0,52.7,0.0,7.4,91.1,98.5,48.6,51.4,13:55,12:01,15.0,54.0,3.4,226.0,53.1,-39.0,52.75
Maxwell Crozier,24.0,TBL,D,5.0,84.0,77.0,52.2,1.3,60.0,62.0,49.2,-4.9,7.9,92.5,100.4,39.6,60.4,16:41,16:36,0.0,6.0,0.7,20.0,45.0,-6.0,50.7
William Cuylle,22.0,NYR,LW,75.0,935.0,1012.0,48.0,-1.1,678.0,724.0,48.4,-0.6,11.4,90.0,101.4,50.5,49.5,15:05,13:11,9.0,42.0,-6.0,240.0,56.3,-33.0,48.2
Colton Dach,22.0,CHI,C,25.0,221.0,318.0,41.0,-0.5,162.0,239.0,40.4,-0.2,11.5,90.4,102.0,49.7,50.3,12:08,11:28,13.0,12.0,-5.7,47.0,57.4,1.0,40.7
Kirby Dach,24.0,MTL,C/RW,57.0,658.0,810.0,44.8,-4.9,469.0,565.0,45.4,-3.9,7.8,87.5,95.4,63.4,36.6,15:40,13:09,10.0,39.0,-5.0,155.0,54.2,-29.0,45.099999999999994
Evgenii Dadonov,35.0,DAL,RW,73.0,875.0,949.0,48.0,-2.7,609.0,689.0,46.9,-2.6,12.8,90.1,102.9,50.0,50.0,13:34,12:33,9.0,63.0,4.0,211.0,53.6,-54.0,47.45
Rasmus Dahlin,24.0,BUF,D,65.0,1490.0,1237.0,54.6,8.5,1052.0,888.0,54.2,8.3,10.8,88.8,99.6,56.3,43.7,24:14:00,20:17,32.0,91.0,6.3,387.0,45.2,-59.0,54.400000000000006
Phillip Danault,31.0,LAK,C,74.0,1197.0,947.0,55.8,3.8,878.0,653.0,57.3,5.1,10.3,90.3,100.7,49.1,50.9,17:45,14:34,24.0,81.0,3.8,224.0,52.2,-57.0,56.55
Justin Danforth,31.0,CBJ,RW/C,53.0,616.0,702.0,46.7,-3.3,424.0,485.0,46.6,-3.9,8.3,89.8,98.1,42.3,57.7,14:35,12:27,7.0,25.0,-4.3,125.0,66.4,-18.0,46.650000000000006
Calvin de Haan,33.0,TOT,D,47.0,652.0,634.0,50.7,-2.8,460.0,420.0,52.3,-0.7,8.9,88.6,97.6,34.1,65.9,14:58,14:01,7.0,35.0,-1.4,146.0,34.9,-28.0,51.5
Calvin de Haan,33.0,COL,D,44.0,605.0,591.0,50.6,-3.5,423.0,394.0,51.8,-1.8,8.4,87.8,96.2,31.3,68.7,14:55,13:57,5.0,35.0,-1.8,135.0,35.6,-30.0,51.2
Calvin de Haan,33.0,NYR,D,3.0,47.0,43.0,52.2,7.6,37.0,26.0,58.7,14.4,14.3,100.0,114.3,76.5,23.5,15:51,14:47,2.0,0.0,0.4,11.0,27.3,2.0,55.45
Tony DeAngelo,29.0,NYI,D,27.0,606.0,578.0,51.2,2.4,432.0,409.0,51.4,1.0,9.6,88.5,98.1,54.0,46.0,23:30,20:09,6.0,33.0,0.0,125.0,44.8,-27.0,51.3
Alex DeBrincat,27.0,DET,RW,74.0,1111.0,1090.0,50.5,4.0,810.0,786.0,50.8,4.7,8.4,88.5,97.0,55.5,44.5,17:49,14:46,27.0,69.0,2.8,404.0,53.7,-42.0,50.65
Jake DeBrusk,28.0,VAN,LW,75.0,992.0,1046.0,48.7,-1.0,690.0,735.0,48.4,-0.9,10.9,86.3,97.2,51.2,48.8,16:44,14:07,11.0,43.0,8.3,280.0,56.4,-32.0,48.55
Luca Del Bel Belluz,21.0,CBJ,C,15.0,138.0,203.0,40.5,-2.5,101.0,131.0,43.5,-0.3,17.9,87.0,104.9,50.5,49.5,13:45,12:57,3.0,9.0,-0.3,30.0,60.0,-6.0,42.0
Marc Del Gaizo,25.0,NSH,D,40.0,611.0,631.0,49.2,-1.8,424.0,426.0,49.9,-0.1,7.8,91.0,98.8,46.6,53.4,16:50,15:51,17.0,30.0,1.1,139.0,46.8,-13.0,49.55
Ethan Del Mastro,22.0,CHI,D,23.0,321.0,362.0,47.0,4.3,217.0,264.0,45.1,3.7,9.4,90.4,99.8,45.7,54.3,18:12,17:57,5.0,24.0,-4.0,47.0,38.3,-19.0,46.05
Ty Dellandrea,24.0,SJS,C,61.0,517.0,730.0,41.5,-6.4,342.0,516.0,39.9,-7.9,5.6,89.3,94.9,41.1,58.9,11:50,10:45,9.0,30.0,-10.4,101.0,43.6,-21.0,40.7
Dylan DeMelo,31.0,WPG,D,76.0,1388.0,1399.0,49.8,0.3,1035.0,1005.0,50.7,0.6,11.1,92.4,103.5,57.2,42.8,21:30,19:14,29.0,81.0,7.3,175.0,38.9,-52.0,50.25
Grigori Denisenko,24.0,VEG,LW,1.0,7.0,6.0,53.8,-0.9,3.0,5.0,37.5,-16.7,0.0,100.0,100.0,62.5,37.5,8:27,8:27,0.0,0.0,0.1,2.0,0.0,0.0,45.65
Travis Dermott,28.0,TOT,D,19.0,200.0,226.0,46.9,-3.6,135.0,159.0,45.9,-4.9,5.4,93.0,98.4,47.6,52.4,12:16,11:49,3.0,9.0,-1.6,24.0,33.3,-6.0,46.4
Travis Dermott,28.0,EDM,D,10.0,111.0,132.0,45.7,-10.4,71.0,86.0,45.2,-10.8,4.1,92.2,96.3,49.3,50.7,13:05,12:44,1.0,6.0,-1.8,12.0,25.0,-5.0,45.45
Travis Dermott,28.0,MIN,D,9.0,89.0,94.0,48.6,4.4,64.0,73.0,46.7,1.7,7.0,94.0,101.0,45.1,54.9,11:23,10:48,2.0,3.0,0.2,12.0,41.7,-1.0,47.650000000000006
Vincent Desharnais,28.0,TOT,D,51.0,611.0,702.0,46.5,-4.2,416.0,483.0,46.3,-3.9,7.9,89.9,97.9,50.5,49.5,15:55,14:25,3.0,40.0,-4.8,92.0,30.4,-37.0,46.4
Vincent Desharnais,28.0,VAN,D,34.0,413.0,467.0,46.9,-2.3,276.0,323.0,46.1,-3.1,8.1,90.0,98.1,52.0,48.0,15:58,14:41,3.0,30.0,-2.6,63.0,31.7,-27.0,46.5
Vincent Desharnais,28.0,PIT,D,10.0,125.0,130.0,49.0,-6.5,90.0,88.0,50.6,-1.5,4.0,87.5,91.5,49.2,50.8,14:24,13:05,0.0,4.0,-0.8,25.0,28.0,-4.0,49.8
Vincent Desharnais,28.0,SJS,D,7.0,73.0,105.0,41.0,-8.6,50.0,72.0,41.0,-10.9,13.8,92.3,106.1,44.9,55.1,17:49,15:01,0.0,6.0,-1.4,4.0,25.0,-6.0,41.0
Nick DeSimone,30.0,UTA,D,16.0,225.0,221.0,50.4,-3.9,175.0,161.0,52.1,-2.3,6.5,94.5,101.0,55.1,44.9,15:29,15:14,5.0,23.0,1.2,38.0,52.6,-18.0,51.25
Nicolas Deslauriers,33.0,PHI,LW,25.0,177.0,152.0,53.8,6.5,120.0,105.0,53.3,5.6,8.7,81.8,90.5,54.1,45.9,7:09,7:08,1.0,9.0,-0.9,42.0,40.5,-8.0,53.55
Connor Dewar,25.0,TOT,C,42.0,324.0,414.0,43.9,-4.4,229.0,277.0,45.3,-3.1,7.0,92.1,99.2,30.1,69.9,11:22,9:51,6.0,29.0,-2.8,90.0,52.2,-23.0,44.599999999999994
Connor Dewar,25.0,TOR,C,31.0,193.0,271.0,41.6,-7.9,136.0,186.0,42.2,-7.5,3.4,93.7,97.1,19.3,80.7,9:58,8:37,4.0,19.0,-2.1,53.0,52.8,-15.0,41.900000000000006
Connor Dewar,25.0,PIT,C,11.0,131.0,143.0,47.8,3.5,93.0,91.0,50.5,6.4,12.7,89.6,102.3,45.6,54.4,15:16,13:18,2.0,10.0,-0.6,37.0,51.4,-8.0,49.15
Phillip Di Giuseppe,31.0,VAN,LW,20.0,199.0,190.0,51.2,3.6,139.0,150.0,48.1,0.7,9.3,88.4,97.7,49.0,51.0,11:34,10:47,1.0,4.0,-2.1,38.0,60.5,-3.0,49.650000000000006
Jason Dickinson,29.0,CHI,C,59.0,587.0,764.0,43.4,-1.6,388.0,551.0,41.3,-4.0,11.3,89.1,100.4,34.0,66.0,15:42,13:11,13.0,26.0,-11.1,150.0,37.3,-13.0,42.349999999999994
Brenden Dillon,34.0,NJD,D,76.0,1254.0,1272.0,49.6,-2.1,869.0,924.0,48.5,-2.4,10.7,90.2,100.9,55.2,44.8,18:29,15:51,6.0,65.0,-4.4,164.0,27.4,-59.0,49.05
Cam Dineen,26.0,EDM,D,1.0,29.0,11.0,72.5,16.9,22.0,9.0,71.0,12.3,0.0,83.3,83.3,90.0,10.0,14:56,14:53,1.0,0.0,-0.1,11.0,36.4,1.0,71.75
Josh Doan,22.0,UTA,RW,45.0,602.0,444.0,57.6,4.9,421.0,322.0,56.7,4.0,7.9,89.1,97.0,55.6,44.4,13:35,12:08,8.0,21.0,7.1,161.0,44.1,-13.0,57.150000000000006
Noah Dobson,25.0,NYI,D,63.0,1343.0,1180.0,53.2,5.8,961.0,831.0,53.6,5.8,9.0,88.1,97.1,53.7,46.3,23:28,19:47,32.0,94.0,8.5,405.0,45.2,-62.0,53.400000000000006
Max Domi,29.0,TOR,LW,67.0,842.0,901.0,48.3,0.2,618.0,620.0,49.9,1.7,10.2,90.6,100.8,57.1,42.9,14:11,12:57,18.0,60.0,3.8,173.0,51.4,-42.0,49.099999999999994
Ryan Donato,28.0,CHI,C,73.0,939.0,1088.0,46.3,3.4,670.0,797.0,45.7,3.4,11.8,87.2,99.0,49.7,50.3,16:09,14:09,22.0,42.0,-5.1,309.0,54.7,-20.0,46.0
Pavel Dorofeyev,24.0,VEG,LW,75.0,1134.0,982.0,53.6,3.8,855.0,695.0,55.2,5.2,9.0,88.3,97.3,62.9,37.1,16:24,14:18,19.0,46.0,12.4,385.0,58.7,-27.0,54.400000000000006
Drew Doughty,35.0,LAK,D,27.0,598.0,575.0,51.0,-4.3,421.0,402.0,51.2,-5.0,11.2,92.5,103.6,54.3,45.7,24:23:00,20:32,7.0,43.0,-2.2,103.0,38.8,-36.0,51.1
Nic Dowd,34.0,WSH,C,75.0,869.0,950.0,47.8,-3.6,613.0,636.0,49.1,-2.9,10.9,91.4,102.2,13.8,86.2,15:12,12:32,28.0,42.0,0.6,151.0,51.0,-14.0,48.45
Justin Dowling,34.0,NJD,C,48.0,399.0,435.0,47.8,-4.5,294.0,303.0,49.2,-1.8,6.6,91.1,97.6,50.0,50.0,10:05,0.416666667,10.0,27.0,-3.8,77.0,40.3,-17.0,48.5
Leon Draisaitl,29.0,EDM,C,71.0,1579.0,1106.0,58.8,8.0,1184.0,824.0,59.0,7.8,10.7,89.9,100.7,60.6,39.4,21:31,18:11,35.0,88.0,27.5,417.0,57.8,-53.0,58.9
Jonathan Drouin,29.0,COL,LW,43.0,813.0,541.0,60.0,6.3,564.0,399.0,58.6,4.9,11.7,85.9,97.6,63.5,36.5,18:11,15:05,15.0,35.0,4.8,113.0,49.6,-20.0,59.3
Jack Drury,24.0,TOT,C,67.0,793.0,585.0,57.5,-0.6,557.0,401.0,58.1,0.9,8.0,90.7,98.7,47.7,52.3,12:44,10:33,12.0,31.0,2.0,178.0,50.0,-19.0,57.8
Jack Drury,24.0,CAR,C,39.0,459.0,295.0,60.9,1.2,329.0,215.0,60.5,2.0,8.0,90.5,98.6,56.3,43.8,12:53,10:14,4.0,19.0,1.6,119.0,50.4,-15.0,60.7
Jack Drury,24.0,COL,C,28.0,334.0,290.0,53.5,-2.5,228.0,186.0,55.1,-0.3,8.0,90.9,98.9,33.9,66.1,12:32,11:00,8.0,12.0,0.5,59.0,49.2,-4.0,54.3
Jamie Drysdale,22.0,PHI,D,64.0,1090.0,1170.0,48.2,-0.9,779.0,784.0,49.8,-0.9,10.2,85.3,95.5,60.9,39.1,19:58,17:37,20.0,65.0,4.8,173.0,33.5,-45.0,49.0
Pierre-Luc Dubois,26.0,WSH,LW,75.0,1232.0,1085.0,53.2,3.9,902.0,747.0,54.7,4.9,14.8,89.3,104.1,47.3,52.7,17:22,15:07,10.0,58.0,14.2,262.0,49.6,-48.0,53.95
Matt Duchene,34.0,DAL,C,75.0,1185.0,1119.0,51.4,2.1,843.0,825.0,50.5,2.5,12.4,90.3,102.7,52.7,47.3,17:11,14:38,20.0,73.0,5.4,281.0,51.2,-53.0,50.95
Anthony Duclair,29.0,NYI,LW,44.0,604.0,632.0,48.9,-3.2,439.0,450.0,49.4,-3.2,6.6,88.7,95.3,50.6,49.4,15:03,13:19,9.0,43.0,-3.4,121.0,49.6,-34.0,49.15
Walker Duehr,27.0,TOT,F,24.0,174.0,226.0,43.5,-9.2,124.0,153.0,44.8,-8.2,5.1,85.1,90.2,52.6,47.4,8:48,8:33,0.0,12.0,-2.7,33.0,45.5,-12.0,44.15
Walker Duehr,27.0,CGY,F,16.0,109.0,143.0,43.3,-12.2,74.0,98.0,43.0,-12.4,4.3,86.7,90.9,53.5,46.5,8:48,8:26,0.0,6.0,-2.0,22.0,40.9,-6.0,43.15
Walker Duehr,27.0,SJS,F,8.0,65.0,83.0,43.9,-3.4,50.0,55.0,47.6,-0.4,6.3,82.9,89.2,51.2,48.8,8:49,8:47,0.0,6.0,-0.7,11.0,54.5,-6.0,45.75
Brandon Duhaime,27.0,WSH,RW,75.0,751.0,826.0,47.6,-3.6,522.0,554.0,48.5,-3.5,9.0,92.6,101.5,14.4,85.6,13:21,11:03,10.0,36.0,-2.6,163.0,47.2,-26.0,48.05
Dylan Duke,21.0,TBL,LW,2.0,7.0,14.0,33.3,-2.1,3.0,12.0,20.0,-17.6,33.3,88.9,122.2,26.7,73.3,7:52,7:52,0.0,0.0,-0.8,1.0,100.0,0.0,26.65
Mathew Dumba,30.0,DAL,D,56.0,841.0,785.0,51.7,3.4,563.0,575.0,49.5,2.3,10.9,89.8,100.7,54.2,45.8,15:11,14:24,14.0,54.0,3.7,175.0,25.1,-40.0,50.6
Brian Dumoulin,33.0,TOT,D,74.0,1111.0,1370.0,44.8,-1.9,784.0,997.0,44.0,-2.7,10.2,92.2,102.4,42.3,57.7,19:32,17:20,24.0,50.0,-13.1,152.0,43.4,-26.0,44.4
Brian Dumoulin,33.0,ANA,D,61.0,907.0,1183.0,43.4,-3.2,644.0,864.0,42.7,-4.4,9.9,92.9,102.8,42.1,57.9,19:48,17:26,19.0,40.0,-12.8,135.0,42.2,-21.0,43.05
Brian Dumoulin,33.0,NJD,D,13.0,204.0,187.0,52.2,5.4,140.0,133.0,51.3,6.5,11.7,87.8,99.5,44.3,55.7,18:18,16:52,5.0,10.0,-0.3,17.0,52.9,-5.0,51.75
Vince Dunn,28.0,SEA,D,56.0,1187.0,1131.0,51.2,5.3,851.0,829.0,50.7,4.0,11.6,87.2,98.8,54.1,45.9,22:04,19:24,22.0,73.0,3.1,286.0,44.8,-51.0,50.95
Joshua Dunne,26.0,BUF,C,2.0,7.0,21.0,25.0,-21.8,6.0,16.0,27.3,-24.8,0.0,75.0,75.0,44.4,55.6,7:06,7:06,0.0,0.0,-1.7,4.0,25.0,0.0,26.15
Sean Durzi,26.0,UTA,D,24.0,458.0,400.0,53.4,-0.3,318.0,275.0,53.6,0.4,10.7,87.6,98.3,55.8,44.2,20:11,17:50,9.0,38.0,4.6,108.0,26.9,-29.0,53.5
Christian Dvorak,28.0,MTL,C,75.0,876.0,1023.0,46.1,-1.8,594.0,703.0,45.8,-2.4,10.3,89.6,99.9,38.0,62.0,0.625,12:21,18.0,57.0,-1.8,206.0,48.1,-39.0,45.95
Dalibor Dvorsky,19.0,STL,C,1.0,7.0,15.0,31.8,-10.3,5.0,12.0,29.4,-13.4,0.0,100.0,100.0,100.0,0.0,10:40,10:07,0.0,0.0,-1.0,0.0,,0.0,30.6
Jordan Eberle,34.0,SEA,RW,36.0,478.0,508.0,48.5,-1.3,347.0,354.0,49.5,-0.4,12.9,86.7,99.6,48.1,51.9,16:05,13:41,20.0,25.0,1.7,110.0,50.0,-5.0,49.0
Joel Edmundson,31.0,LAK,D,71.0,1316.0,1291.0,50.5,-3.9,951.0,906.0,51.2,-3.7,12.3,91.6,103.9,52.9,47.1,20:37,18:24,23.0,60.0,-5.5,234.0,38.0,-37.0,50.85
Adam Edstrom,24.0,NYR,C,51.0,378.0,460.0,45.1,-4.5,273.0,320.0,46.0,-3.4,8.4,90.7,99.1,24.8,75.2,9:16,9:11,7.0,19.0,-3.7,72.0,55.6,-12.0,45.55
Simon Edvinsson,21.0,DET,D,70.0,1213.0,1321.0,47.9,0.0,860.0,942.0,47.7,-0.3,10.6,91.7,102.4,46.4,53.6,20:55,19:05,22.0,84.0,-2.6,188.0,38.3,-62.0,47.8
Nikolaj Ehlers,28.0,WPG,LW,67.0,958.0,847.0,53.1,4.7,715.0,598.0,54.5,5.5,12.2,90.1,102.2,63.4,36.6,15:56,13:20,16.0,50.0,9.4,357.0,48.2,-34.0,53.8
Jack Eichel,28.0,VEG,C,74.0,1278.0,1201.0,51.6,1.2,926.0,848.0,52.2,1.3,13.1,90.6,103.7,58.0,42.0,20:33,16:14,28.0,87.0,12.6,392.0,57.4,-59.0,51.900000000000006
Aaron Ekblad,28.0,FLA,D,56.0,1223.0,964.0,55.9,1.1,897.0,725.0,55.3,1.6,8.7,91.1,99.8,52.9,47.1,23:31,18:23,23.0,57.0,8.8,291.0,36.4,-34.0,55.599999999999994
Mattias Ekholm,34.0,EDM,D,64.0,1504.0,999.0,60.1,10.5,1074.0,735.0,59.4,8.7,9.5,87.5,97.0,61.1,38.9,22:31,19:24,35.0,83.0,22.8,327.0,43.7,-48.0,59.75
William Eklund,22.0,SJS,LW,70.0,1192.0,1136.0,51.2,7.7,838.0,775.0,52.0,8.3,10.6,87.9,98.5,54.4,45.6,19:34,15:33,15.0,71.0,1.1,293.0,46.1,-56.0,51.6
Oliver Ekman-Larsson,33.0,TOR,D,74.0,1334.0,1364.0,49.4,2.5,978.0,998.0,49.5,1.4,10.5,91.0,101.5,55.2,44.8,20:58,18:26,28.0,87.0,3.5,277.0,41.2,-59.0,49.45
Lars Eller,35.0,TOT,C,73.0,842.0,787.0,51.7,0.3,592.0,553.0,51.7,0.4,9.3,90.7,99.9,45.2,54.8,13:22,11:57,13.0,44.0,-0.7,180.0,50.0,-31.0,51.7
Lars Eller,35.0,WSH,C,56.0,635.0,549.0,53.6,3.0,441.0,383.0,53.5,2.4,9.1,92.0,101.0,49.0,51.0,12:26,11:35,11.0,32.0,1.6,128.0,49.2,-21.0,53.55
Lars Eller,35.0,PIT,C,17.0,207.0,238.0,46.5,-7.0,151.0,170.0,47.0,-4.8,9.8,88.0,97.8,34.9,65.1,16:25,13:10,2.0,12.0,-2.3,52.0,51.9,-10.0,46.75
Ty Emberson,24.0,EDM,D,69.0,785.0,832.0,48.5,-7.1,559.0,585.0,48.9,-7.0,9.0,89.1,98.0,46.6,53.4,14:52,12:54,31.0,42.0,-2.1,138.0,42.0,-11.0,48.7
Andreas Englund,29.0,TOT,D,30.0,299.0,319.0,48.4,-5.1,226.0,217.0,51.0,-2.1,6.0,85.2,91.2,35.7,64.3,13:09,12:33,4.0,21.0,-0.5,39.0,43.6,-17.0,49.7
Andreas Englund,29.0,NSH,D,19.0,202.0,229.0,46.9,-5.0,149.0,154.0,49.2,-2.3,5.9,83.3,89.2,31.2,68.8,14:47,14:00,3.0,13.0,-0.2,32.0,40.6,-10.0,48.05
Andreas Englund,29.0,LAK,D,11.0,97.0,90.0,51.9,-4.0,77.0,63.0,55.0,-0.7,6.4,89.7,96.1,48.8,51.2,10:21,10:03,1.0,8.0,-0.3,7.0,57.1,-7.0,53.45
Pierre Engvall,28.0,NYI,LW,54.0,560.0,567.0,49.7,0.2,402.0,376.0,51.7,1.7,7.4,88.2,95.7,46.7,53.3,11:27,11:24,6.0,31.0,-2.8,125.0,56.8,-25.0,50.7
Joel Eriksson Ek,28.0,MIN,C/LW,42.0,629.0,613.0,50.6,5.2,458.0,446.0,50.7,4.9,9.7,92.3,102.1,41.0,59.0,19:38,14:41,13.0,29.0,-0.7,191.0,64.4,-16.0,50.650000000000006
Luke Evangelista,22.0,NSH,RW,62.0,779.0,660.0,54.1,3.8,560.0,463.0,54.7,5.8,7.0,90.6,97.6,56.8,43.2,13:43,12:29,14.0,31.0,4.5,183.0,62.3,-17.0,54.400000000000006
Jake Evans,28.0,MTL,C/RW,75.0,838.0,977.0,46.2,-1.7,571.0,681.0,45.6,-2.7,11.4,88.2,99.7,29.9,70.1,15:26,12:36,14.0,54.0,-6.0,157.0,46.5,-40.0,45.900000000000006
Ryker Evans,23.0,SEA,D,68.0,1060.0,1206.0,46.8,-1.8,786.0,852.0,48.0,-0.3,9.6,89.6,99.1,50.5,49.5,19:27,17:47,10.0,66.0,-6.9,164.0,36.0,-56.0,47.4
Michael Eyssimont,28.0,TOT,C,71.0,698.0,657.0,51.5,1.6,503.0,472.0,51.6,1.5,7.8,92.6,100.4,47.1,52.9,10:33,10:29,9.0,29.0,5.7,235.0,56.2,-20.0,51.55
Michael Eyssimont,28.0,TBL,C,57.0,540.0,522.0,50.8,0.6,387.0,373.0,50.9,0.8,7.1,92.9,100.0,48.1,51.9,10:41,10:36,6.0,22.0,4.2,175.0,56.0,-16.0,50.849999999999994
Michael Eyssimont,28.0,SEA,C,14.0,158.0,135.0,53.9,5.6,116.0,99.0,54.0,4.2,10.0,91.7,101.7,41.1,58.9,10:04,10:02,3.0,7.0,1.6,60.0,56.7,-4.0,53.95
Robby Fabbri,29.0,ANA,C,44.0,605.0,810.0,42.8,-3.2,436.0,597.0,42.2,-4.3,8.2,92.8,101.0,43.6,56.4,16:12,14:09,14.0,30.0,-10.2,111.0,58.6,-16.0,42.5
Dante Fabbro,26.0,TOT,D,60.0,1204.0,1201.0,50.1,1.9,873.0,838.0,51.0,2.6,10.6,91.2,101.8,51.3,48.7,20:56,19:15,20.0,73.0,2.8,190.0,39.5,-53.0,50.55
Dante Fabbro,26.0,CBJ,D,54.0,1113.0,1118.0,49.9,2.4,804.0,771.0,51.0,3.1,11.2,91.6,102.8,50.9,49.1,21:49,19:59,19.0,61.0,2.2,176.0,38.6,-42.0,50.45
Dante Fabbro,26.0,NSH,D,6.0,91.0,83.0,52.3,-1.3,69.0,67.0,50.7,-2.0,3.8,86.5,90.3,56.9,43.1,13:06,12:40,1.0,12.0,0.7,14.0,50.0,-11.0,51.5
Brock Faber,22.0,MIN,D,72.0,1368.0,1646.0,45.4,-2.5,960.0,1159.0,45.3,-3.5,8.9,91.9,100.8,47.4,52.6,25:22:00,20:56,25.0,100.0,-10.4,263.0,39.9,-75.0,45.349999999999994
Radek Faksa,31.0,STL,C,65.0,611.0,678.0,47.4,-1.4,414.0,457.0,47.5,-1.3,9.1,92.4,101.5,29.2,70.8,12:59,11:32,12.0,28.0,-0.5,133.0,45.9,-16.0,47.45
Adam Fantilli,20.0,CBJ,C,74.0,1114.0,1190.0,48.4,-0.3,790.0,855.0,48.0,-1.4,11.5,89.8,101.3,60.6,39.4,17:40,15:38,22.0,83.0,-8.1,355.0,47.9,-61.0,48.2
Joel Farabee,24.0,TOT,LW,74.0,972.0,1006.0,49.1,-0.5,685.0,668.0,50.6,-0.4,7.0,89.6,96.6,48.2,51.8,15:07,13:16,17.0,62.0,1.2,233.0,59.7,-45.0,49.85
Joel Farabee,24.0,PHI,LW,50.0,628.0,683.0,47.9,-1.1,462.0,452.0,50.5,-0.5,8.2,88.4,96.5,49.2,50.8,15:12,13:32,15.0,45.0,0.3,161.0,61.5,-30.0,49.2
Joel Farabee,24.0,CGY,LW,24.0,344.0,323.0,51.6,0.6,223.0,216.0,50.8,0.0,4.5,92.3,96.8,46.6,53.4,14:54,12:43,2.0,17.0,0.9,72.0,55.6,-15.0,51.2
Hudson Fasching,29.0,NYI,RW,35.0,348.0,326.0,51.6,0.8,244.0,223.0,52.2,1.7,3.1,91.8,94.8,46.0,54.0,10:25,10:22,7.0,23.0,1.0,60.0,50.0,-16.0,51.900000000000006
Justin Faulk,32.0,STL,D,73.0,1212.0,1353.0,47.3,-2.7,840.0,953.0,46.8,-3.3,8.0,92.2,100.2,49.9,50.1,22:27,19:05,26.0,93.0,5.2,273.0,42.1,-67.0,47.05
Martin Fehérváry,25.0,WSH,D,75.0,1141.0,1178.0,49.2,-1.9,810.0,797.0,50.4,-1.3,12.0,90.9,102.9,42.6,57.4,18:59,15:50,9.0,56.0,0.0,181.0,38.1,-47.0,49.8
Tye Felhaber,26.0,COL,F,5.0,29.0,24.0,54.7,4.0,21.0,17.0,55.3,5.4,0.0,85.7,85.7,66.7,33.3,5:31,5:29,1.0,0.0,0.4,4.0,50.0,1.0,55.0
Mario Ferraro,26.0,SJS,D,75.0,1289.0,1499.0,46.2,0.3,920.0,1073.0,46.2,0.1,8.3,89.1,97.5,41.4,58.6,21:24,18:38,36.0,73.0,-9.2,191.0,37.7,-37.0,46.2
Kevin Fiala,28.0,LAK,LW,74.0,1307.0,966.0,57.5,6.3,942.0,664.0,58.7,7.0,8.1,88.6,96.7,54.7,45.3,18:30,15:37,27.0,83.0,8.8,457.0,47.5,-56.0,58.1
Jack Finley,22.0,TBL,C,1.0,7.0,4.0,63.6,-1.4,6.0,3.0,66.7,0.4,20.0,100.0,120.0,100.0,0.0,8:25,8:25,0.0,1.0,0.1,1.0,100.0,-1.0,65.15
Christian Fischer,27.0,TOT,RW,46.0,367.0,495.0,42.6,-4.8,241.0,349.0,40.8,-5.7,7.0,92.2,99.2,39.8,60.2,11:07,10:24,4.0,15.0,-5.5,66.0,47.0,-11.0,41.7
Christian Fischer,27.0,DET,RW,45.0,360.0,484.0,42.7,-4.5,236.0,340.0,41.0,-5.4,7.1,92.4,99.6,40.3,59.7,11:09,10:25,4.0,14.0,-5.0,65.0,47.7,-10.0,41.85
Christian Fischer,27.0,CBJ,RW,1.0,7.0,11.0,38.9,-22.0,5.0,9.0,35.7,-21.7,0.0,85.7,85.7,16.7,83.3,9:39,9:39,0.0,1.0,-0.5,1.0,0.0,-1.0,37.3
Cale Fleury,26.0,SEA,D,13.0,173.0,156.0,52.6,3.5,129.0,104.0,55.4,6.7,7.5,92.8,100.3,55.0,45.0,12:51,11:46,3.0,7.0,0.1,33.0,48.5,-4.0,54.0
Haydn Fleury,28.0,WPG,D,37.0,475.0,519.0,47.8,-2.5,339.0,374.0,47.5,-3.0,6.1,90.4,96.5,37.5,62.5,15:53,14:27,3.0,35.0,-5.4,101.0,36.6,-32.0,47.65
Warren Foegele,28.0,LAK,LW,75.0,1122.0,948.0,54.2,1.4,795.0,657.0,54.8,1.3,11.2,93.1,104.3,51.5,48.5,16:10,13:58,32.0,60.0,6.7,340.0,54.7,-28.0,54.5
Tyson Foerster,23.0,PHI,RW,75.0,912.0,973.0,48.4,-0.3,651.0,660.0,49.7,-1.4,10.2,88.6,98.8,40.2,59.8,16:49,14:04,14.0,36.0,4.8,263.0,47.9,-22.0,49.05
Marcus Foligno,33.0,MIN,LW,71.0,855.0,792.0,51.9,6.7,596.0,571.0,51.1,5.1,10.4,91.1,101.5,46.2,53.8,14:22,12:37,19.0,46.0,1.5,137.0,55.5,-27.0,51.5
Nick Foligno,37.0,CHI,LW,71.0,804.0,921.0,46.6,3.0,562.0,686.0,45.0,1.8,10.4,86.8,97.3,41.1,58.9,16:04,13:18,13.0,45.0,-6.2,149.0,63.1,-32.0,45.8
Nolan Foote,24.0,NJD,LW,5.0,43.0,33.0,56.6,1.9,34.0,22.0,60.7,7.7,9.5,85.7,95.2,50.0,50.0,9:12,9:08,0.0,1.0,0.4,8.0,25.0,-1.0,58.650000000000006
Derek Forbort,32.0,VAN,D,49.0,613.0,706.0,46.5,-4.4,409.0,483.0,45.9,-4.5,7.8,89.6,97.4,38.7,61.3,17:16,14:57,7.0,49.0,-4.3,108.0,32.4,-42.0,46.2
Parker Ford,24.0,WPG,F,3.0,14.0,20.0,41.2,-3.8,11.0,13.0,45.8,-2.4,33.3,87.5,120.8,30.0,70.0,7:50,7:34,2.0,2.0,0.4,4.0,50.0,0.0,43.5
Filip Forsberg,30.0,NSH,C,76.0,1321.0,1176.0,52.9,2.1,944.0,887.0,51.6,1.4,10.1,86.8,96.9,63.8,36.2,18:38,15:27,37.0,102.0,2.4,571.0,46.8,-65.0,52.25
Gustav Forsling,28.0,FLA,D,75.0,1694.0,1369.0,55.3,-0.6,1227.0,1024.0,54.5,-0.1,9.0,92.5,101.5,53.5,46.5,22:59,19:46,35.0,67.0,7.0,389.0,46.0,-32.0,54.9
Liam Foudy,24.0,NYI,C,2.0,6.0,14.0,30.0,-25.0,5.0,11.0,31.3,-24.5,0.0,85.7,85.7,66.7,33.3,7:27,7:27,1.0,0.0,-0.5,3.0,33.3,1.0,30.65
Cam Fowler,33.0,TOT,D,63.0,1174.0,1160.0,50.3,3.2,807.0,812.0,49.8,2.0,12.1,89.9,102.1,49.4,50.6,21:39,18:53,15.0,59.0,5.3,188.0,42.0,-44.0,50.05
Cam Fowler,33.0,STL,D,46.0,849.0,793.0,51.7,3.1,589.0,543.0,52.0,2.9,13.7,89.7,103.3,47.5,52.5,21:52,19:13,11.0,44.0,10.0,147.0,42.2,-33.0,51.85
Cam Fowler,33.0,ANA,D,17.0,325.0,367.0,47.0,3.8,218.0,269.0,44.8,0.2,7.7,90.5,98.2,54.7,45.3,21:04,17:57,4.0,15.0,-4.7,41.0,41.5,-11.0,45.9
Adam Fox,26.0,NYR,D,67.0,1399.0,1128.0,55.4,10.9,989.0,810.0,55.0,10.4,10.8,88.8,99.6,62.4,37.6,23:21,18:16,34.0,67.0,4.1,304.0,37.8,-33.0,55.2
Ethen Frank,26.0,WSH,F,22.0,215.0,192.0,52.8,4.0,158.0,122.0,56.4,6.9,11.0,92.9,103.9,54.7,45.3,10:38,9:59,5.0,9.0,2.6,39.0,53.8,-4.0,54.599999999999994
Trent Frederic,26.0,BOS,C,57.0,679.0,746.0,47.6,-1.2,452.0,531.0,46.0,-2.5,6.3,90.1,96.4,43.5,56.5,13:50,12:31,12.0,32.0,-2.2,165.0,46.1,-20.0,46.8
Mark Friedman,29.0,VAN,D,5.0,56.0,65.0,46.3,-1.7,38.0,44.0,46.3,-0.3,6.9,81.3,88.1,53.3,46.7,14:04,13:43,2.0,1.0,0.1,8.0,50.0,1.0,46.3
Morgan Frost,25.0,TOT,C,74.0,953.0,965.0,49.7,-0.1,655.0,630.0,51.0,-0.1,8.5,87.8,96.3,65.0,35.0,15:53,13:19,32.0,61.0,-0.4,252.0,51.6,-29.0,50.35
Morgan Frost,25.0,PHI,C,49.0,589.0,608.0,49.2,0.1,408.0,386.0,51.4,0.0,10.1,86.6,96.8,70.8,29.2,15:11,12:55,19.0,37.0,3.3,156.0,55.1,-18.0,50.3
Morgan Frost,25.0,CGY,C,25.0,364.0,357.0,50.5,-0.6,247.0,244.0,50.3,-0.2,5.6,89.9,95.6,56.5,43.5,17:15,14:08,13.0,24.0,-3.7,96.0,45.8,-11.0,50.4
Jonah Gadjovich,26.0,FLA,LW,35.0,262.0,265.0,49.7,-6.6,170.0,193.0,46.8,-7.5,6.7,90.1,96.7,49.2,50.8,7:55,7:48,1.0,4.0,2.1,64.0,46.9,-3.0,48.25
Brendan Gallagher,32.0,MTL,RW,75.0,937.0,953.0,49.6,2.8,650.0,669.0,49.3,2.2,9.4,88.9,98.4,44.3,55.7,13:50,12:18,15.0,55.0,9.6,276.0,50.7,-40.0,49.45
Conor Garland,28.0,VAN,RW,74.0,1053.0,1017.0,50.9,2.0,754.0,715.0,51.3,3.0,8.1,88.7,96.8,52.5,47.5,18:42,15:00,18.0,58.0,4.0,325.0,48.9,-40.0,51.099999999999994
Marc Gatcomb,25.0,NYI,F,31.0,241.0,255.0,48.6,-1.8,161.0,180.0,47.2,-4.2,10.8,88.8,99.6,56.0,44.0,9:23,9:20,4.0,10.0,-2.9,51.0,51.0,-6.0,47.900000000000006
Jacob Gaucher,23.0,PHI,F,4.0,28.0,30.0,48.3,7.4,19.0,20.0,48.7,6.3,14.3,86.7,101.0,70.0,30.0,7:21,7:21,1.0,0.0,0.2,4.0,75.0,1.0,48.5
Adam Gaudette,28.0,OTT,C,74.0,652.0,606.0,51.8,2.1,450.0,433.0,51.0,0.7,9.6,94.3,103.9,64.4,35.6,10:14,8:53,6.0,38.0,-0.8,177.0,48.0,-32.0,51.4
Frédérick Gaudreau,31.0,MIN,C,76.0,796.0,1016.0,43.9,-3.7,560.0,727.0,43.5,-4.9,11.7,90.8,102.5,44.4,55.6,15:37,12:39,22.0,46.0,-6.0,190.0,54.7,-24.0,43.7
Brendan Gaunce,30.0,MIN,C,12.0,82.0,143.0,36.4,-11.8,61.0,101.0,37.7,-10.4,2.6,92.2,94.8,34.5,65.5,9:42,9:13,2.0,7.0,-1.8,25.0,44.0,-5.0,37.05
Cutter Gauthier,21.0,ANA,LW,75.0,915.0,1085.0,45.8,-0.1,667.0,785.0,45.9,0.0,11.8,92.6,104.4,46.3,53.7,14:02,12:26,18.0,75.0,-9.1,363.0,46.0,-57.0,45.849999999999994
Julien Gauthier,27.0,NYI,RW,1.0,6.0,8.0,42.9,-16.4,4.0,7.0,36.4,-20.1,0.0,100.0,100.0,0.0,100.0,7:42,7:42,0.0,0.0,-0.5,0.0,,0.0,39.65
Vladislav Gavrikov,29.0,LAK,D,75.0,1507.0,1312.0,53.5,0.5,1071.0,912.0,54.0,0.3,10.0,91.3,101.3,38.8,61.2,23:13,19:53,21.0,67.0,5.4,252.0,38.5,-46.0,53.75
Conor Geekie,20.0,TBL,C,49.0,527.0,519.0,50.4,-0.8,360.0,372.0,49.2,-1.9,8.7,90.8,99.6,47.2,52.8,12:09,11:22,7.0,28.0,-2.6,115.0,46.1,-21.0,49.8
Morgan Geekie,26.0,BOS,C,71.0,1101.0,1026.0,51.8,4.6,764.0,742.0,50.7,3.9,11.0,89.1,100.1,68.4,31.6,16:52,15:05,28.0,46.0,1.4,283.0,47.7,-18.0,51.25
Isaiah George,20.0,NYI,D,33.0,451.0,526.0,46.2,-2.0,311.0,383.0,44.8,-4.6,9.3,91.4,100.7,50.4,49.6,15:39,15:30,6.0,26.0,-5.1,74.0,35.1,-20.0,45.5
Dennis Gilbert,28.0,TOT,D,26.0,214.0,255.0,45.6,-7.6,140.0,182.0,43.5,-9.0,13.8,87.2,100.9,42.6,57.4,9:56,9:28,5.0,9.0,-3.2,22.0,22.7,-4.0,44.55
Dennis Gilbert,28.0,BUF,D,25.0,209.0,247.0,45.8,-7.2,137.0,175.0,43.9,-8.6,14.3,87.5,101.8,42.5,57.5,10:04,9:36,4.0,9.0,-3.4,21.0,23.8,-5.0,44.849999999999994
Dennis Gilbert,28.0,OTT,D,1.0,5.0,8.0,38.5,-19.1,3.0,7.0,30.0,-21.9,0.0,80.0,80.0,50.0,50.0,6:19,6:19,1.0,0.0,0.2,1.0,0.0,1.0,34.25
Patrick Giles,25.0,TOT,F,17.0,117.0,166.0,41.3,-9.4,83.0,123.0,40.3,-9.7,3.9,93.5,97.4,53.4,46.6,9:14,8:49,1.0,8.0,-0.2,21.0,71.4,-7.0,40.8
Patrick Giles,25.0,FLA,F,9.0,44.0,73.0,37.6,-14.9,31.0,58.0,34.8,-15.3,5.3,94.4,99.7,63.3,36.7,7:23,7:17,0.0,5.0,-1.3,6.0,66.7,-5.0,36.2
Patrick Giles,25.0,SJS,F,8.0,73.0,93.0,44.0,-4.5,52.0,65.0,44.4,-5.3,3.1,92.7,95.8,46.5,53.5,11:19,10:33,1.0,3.0,1.1,15.0,73.3,-2.0,44.2
Adam Ginning,25.0,PHI,D,1.0,12.0,12.0,50.0,-11.6,4.0,9.0,30.8,-26.6,0.0,87.5,87.5,60.0,40.0,12:48,12:48,0.0,1.0,0.0,3.0,0.0,-1.0,40.4
Samuel Girard,26.0,COL,D,70.0,1351.0,1198.0,53.0,-1.6,962.0,842.0,53.3,-0.7,11.0,89.5,100.5,50.9,49.1,20:49,18:43,23.0,82.0,0.8,213.0,41.8,-59.0,53.15
Zemgus Girgensons,31.0,TBL,C,75.0,619.0,634.0,49.4,-1.3,444.0,439.0,50.3,-0.3,4.5,93.6,98.1,44.5,55.5,11:35,9:57,10.0,25.0,1.1,142.0,56.3,-15.0,49.849999999999994
Claude Giroux,37.0,OTT,C/LW,75.0,1124.0,958.0,54.0,5.3,798.0,686.0,53.8,4.6,8.3,89.6,97.9,55.2,44.8,18:26,13:36,16.0,61.0,3.1,221.0,58.8,-45.0,53.9
Cody Glass,25.0,TOT,C,59.0,721.0,622.0,53.7,3.4,496.0,443.0,52.8,3.7,9.0,89.5,98.5,48.1,51.9,13:41,11:49,11.0,27.0,4.4,176.0,48.3,-16.0,53.25
Cody Glass,25.0,PIT,C,51.0,604.0,516.0,53.9,2.6,417.0,369.0,53.1,3.0,7.4,88.9,96.2,46.5,53.5,13:25,11:29,11.0,22.0,3.6,153.0,51.0,-11.0,53.5
Cody Glass,25.0,NJD,C,8.0,117.0,106.0,52.5,9.3,79.0,74.0,51.6,9.6,17.3,93.2,110.5,57.1,42.9,15:19,0.583333333,0.0,5.0,0.8,23.0,30.4,-5.0,52.05
Luke Glendening,35.0,TBL,C,74.0,510.0,660.0,43.6,-8.4,365.0,467.0,43.9,-8.0,4.9,92.6,97.4,34.8,65.2,10:54,9:04,6.0,19.0,-3.7,94.0,53.2,-13.0,43.75
Gage Goncalves,24.0,TBL,C,53.0,552.0,579.0,48.8,-2.0,392.0,404.0,49.2,-1.6,9.9,92.2,102.1,52.0,48.0,12:20,11:54,15.0,33.0,-5.5,88.0,51.1,-18.0,49.0
Barclay Goodrow,31.0,SJS,RW,70.0,661.0,902.0,42.3,-5.0,452.0,643.0,41.3,-6.6,5.5,88.0,93.5,44.7,55.3,13:49,11:22,24.0,51.0,-16.5,129.0,53.5,-27.0,41.8
Shayne Gostisbehere,31.0,CAR,D,65.0,1195.0,696.0,63.2,5.2,852.0,518.0,62.2,5.4,9.2,87.8,96.9,62.5,37.5,18:25,14:50,34.0,71.0,15.4,304.0,37.5,-37.0,62.7
Yanni Gourde,33.0,TOT,C,50.0,726.0,663.0,52.3,2.9,534.0,468.0,53.3,3.4,10.6,88.6,99.2,43.8,56.2,15:43,14:12,15.0,32.0,-0.2,131.0,46.6,-17.0,52.8
Yanni Gourde,33.0,SEA,C,36.0,522.0,478.0,52.2,4.3,379.0,333.0,53.2,4.7,10.9,86.8,97.6,39.9,60.1,15:30,13:52,11.0,23.0,-0.9,87.0,46.0,-12.0,52.7
Yanni Gourde,33.0,TBL,C,14.0,204.0,185.0,52.4,-0.8,155.0,135.0,53.4,-0.4,10.1,92.7,102.8,52.0,48.0,16:19,15:03,4.0,9.0,0.7,44.0,47.7,-5.0,52.9
Collin Graf,22.0,SJS,F,31.0,312.0,401.0,43.8,-3.8,217.0,269.0,44.7,-4.2,10.5,89.4,99.9,40.5,59.5,15:37,12:23,7.0,15.0,-3.1,60.0,61.7,-8.0,44.25
Mikael Granlund,32.0,TOT,C,76.0,1157.0,1354.0,46.1,0.8,831.0,974.0,46.0,2.4,11.4,90.7,102.1,51.6,48.4,19:42,15:16,17.0,74.0,-9.5,308.0,51.9,-57.0,46.05
Mikael Granlund,32.0,SJS,C,52.0,809.0,961.0,45.7,1.1,582.0,687.0,45.9,2.4,10.2,89.7,100.0,52.4,47.6,20:51,15:37,13.0,57.0,-6.8,237.0,53.2,-44.0,45.8
Mikael Granlund,32.0,DAL,C,24.0,348.0,393.0,47.0,0.5,249.0,287.0,46.5,2.4,14.4,93.3,107.7,49.8,50.2,17:12,14:31,4.0,17.0,-2.7,71.0,47.9,-13.0,46.75
Helge Grans,22.0,PHI,D,6.0,74.0,93.0,44.3,-0.9,49.0,52.0,48.5,0.2,7.9,91.4,99.3,59.5,40.5,14:28,14:10,2.0,8.0,0.8,13.0,38.5,-6.0,46.4
Kevin Gravel,32.0,NSH,D,6.0,89.0,104.0,46.1,-1.3,66.0,71.0,48.2,-0.9,10.9,95.9,106.8,45.2,54.8,17:50,16:43,0.0,7.0,0.4,19.0,31.6,-7.0,47.150000000000006
Ryan Graves,29.0,PIT,D,55.0,680.0,696.0,49.4,-1.6,478.0,491.0,49.3,-0.6,6.7,88.8,95.5,40.6,59.4,15:06,13:21,17.0,58.0,-1.0,127.0,29.9,-41.0,49.349999999999994
Nikita Grebenkin,21.0,TOR,RW,7.0,37.0,61.0,37.8,-7.2,25.0,46.0,35.2,-12.9,0.0,93.3,93.3,36.0,64.0,8:45,8:26,1.0,1.0,-2.6,6.0,33.3,0.0,36.5
Jordan Greenway,27.0,BUF,LW,34.0,432.0,405.0,51.6,0.3,306.0,291.0,51.3,0.4,12.2,87.3,99.5,46.2,53.8,15:04,12:24,7.0,23.0,-6.6,88.0,40.9,-16.0,51.45
A.J. Greer,28.0,FLA,LW,75.0,644.0,583.0,52.5,-3.8,447.0,421.0,51.5,-3.7,8.0,92.7,100.7,50.1,49.9,9:26,8:54,8.0,39.0,8.5,143.0,53.1,-31.0,52.0
Noah Gregor,26.0,TOT,C,45.0,375.0,485.0,43.6,-8.4,266.0,343.0,43.7,-9.2,3.6,89.5,93.1,47.1,52.9,11:11,10:20,5.0,16.0,-7.1,125.0,41.6,-11.0,43.650000000000006
Noah Gregor,26.0,OTT,C,40.0,346.0,429.0,44.6,-8.0,245.0,305.0,44.5,-8.8,4.0,91.0,95.0,48.4,51.6,11:21,10:25,5.0,14.0,-6.4,115.0,40.0,-9.0,44.55
Noah Gregor,26.0,SJS,C,5.0,29.0,56.0,34.1,-12.2,21.0,38.0,35.6,-13.4,0.0,78.6,78.6,40.0,60.0,9:51,9:44,0.0,2.0,-0.7,10.0,60.0,-2.0,34.85
Ridly Greig,22.0,OTT,C,72.0,903.0,1055.0,46.1,-5.3,643.0,722.0,47.1,-4.3,8.8,89.3,98.1,36.3,63.7,0.708333333,13:32,20.0,32.0,-6.9,213.0,50.2,-12.0,46.6
Carl Grundström,27.0,SJS,RW,49.0,429.0,472.0,47.6,1.5,307.0,330.0,48.2,1.8,5.4,88.3,93.7,43.2,56.8,9:29,9:17,2.0,34.0,-2.5,128.0,57.8,-32.0,47.900000000000006
Matt Grzelcyk,31.0,PIT,D,76.0,1364.0,1391.0,49.5,-0.9,943.0,1013.0,48.2,-1.8,10.0,89.6,99.7,55.5,44.5,20:28,17:53,27.0,78.0,-10.5,230.0,36.1,-51.0,48.85
Radko Gudas,34.0,ANA,D,74.0,1219.0,1425.0,46.1,0.4,888.0,995.0,47.2,1.6,9.2,92.3,101.5,38.6,61.4,19:36,17:13,11.0,92.0,-7.3,236.0,35.2,-81.0,46.650000000000006
Erik Gudbranson,33.0,CBJ,D,8.0,99.0,116.0,46.0,-8.2,70.0,83.0,45.8,-8.0,14.6,79.6,94.2,44.6,55.4,16:32,13:41,0.0,7.0,-1.5,15.0,26.7,-7.0,45.9
Dylan Guenther,21.0,UTA,RW,64.0,953.0,840.0,53.2,0.1,677.0,591.0,53.4,0.5,9.5,89.0,98.5,65.1,34.9,16:50,13:16,16.0,49.0,-1.3,415.0,44.8,-33.0,53.3
Jake Guentzel,30.0,TBL,C,74.0,1302.0,1216.0,51.7,1.6,929.0,865.0,51.8,1.7,13.1,91.2,104.3,60.7,39.3,20:03,16:10,24.0,75.0,8.8,334.0,60.8,-51.0,51.75
Kaiden Guhle,23.0,MTL,D,48.0,817.0,941.0,46.5,-2.1,573.0,643.0,47.1,-1.1,11.5,90.6,102.1,41.9,58.1,21:10,18:51,13.0,35.0,-5.2,155.0,40.6,-22.0,46.8
Daniil Gushchin,22.0,SJS,LW,10.0,95.0,109.0,46.6,0.0,69.0,73.0,48.6,2.8,6.7,90.4,97.1,51.5,48.5,12:07,10:46,0.0,1.0,-1.3,33.0,39.4,-1.0,47.6
David Gustafsson,24.0,WPG,C,32.0,254.0,252.0,50.2,-0.4,183.0,170.0,51.8,-0.4,11.6,94.3,105.8,22.6,77.4,8:58,8:42,2.0,7.0,4.0,51.0,52.9,-5.0,51.0
Erik Gustafsson,32.0,DET,D,60.0,836.0,778.0,51.8,4.9,600.0,579.0,50.9,3.9,7.1,89.1,96.2,58.0,42.0,16:19,14:41,10.0,75.0,-0.5,188.0,35.6,-65.0,51.349999999999994
Brandon Hagel,26.0,TBL,LW,75.0,1361.0,1149.0,54.2,5.6,954.0,820.0,53.8,4.9,12.9,90.4,103.3,45.0,55.0,20:56,16:18,27.0,92.0,20.3,409.0,52.3,-65.0,54.0
Robert Hägg,29.0,VEG,D,2.0,15.0,24.0,38.5,-7.4,10.0,13.0,43.5,-1.4,0.0,100.0,100.0,60.0,40.0,11:09,11:09,0.0,0.0,0.3,2.0,0.0,0.0,41.0
Nicolas Hague,26.0,VEG,D,64.0,929.0,1018.0,47.7,-4.7,684.0,723.0,48.6,-4.4,7.6,92.0,99.6,49.6,50.4,16:57,15:57,17.0,53.0,-3.7,171.0,42.1,-36.0,48.150000000000006
Jani Hakanpää,32.0,TOR,D,2.0,21.0,33.0,38.9,-9.0,15.0,23.0,39.5,-9.6,8.3,89.5,97.8,71.4,28.6,14:05,13:02,0.0,6.0,-0.9,5.0,40.0,-6.0,39.2
Taylor Hall,33.0,TOT,LW,70.0,961.0,925.0,51.0,2.2,652.0,670.0,49.3,0.8,10.5,89.1,99.6,52.7,47.3,15:07,13:26,34.0,70.0,-1.8,274.0,47.4,-36.0,50.15
Taylor Hall,33.0,CHI,LW,46.0,577.0,654.0,46.9,3.5,380.0,471.0,44.7,0.8,10.9,87.5,98.5,50.0,50.0,14:59,13:42,25.0,40.0,-5.4,169.0,48.5,-15.0,45.8
Taylor Hall,33.0,CAR,LW,24.0,384.0,271.0,58.6,0.1,272.0,199.0,57.7,0.6,9.9,92.8,102.6,58.2,41.8,15:23,12:54,9.0,30.0,3.6,105.0,45.7,-21.0,58.150000000000006
Brian Halonen,26.0,NJD,F,2.0,33.0,22.0,60.0,5.3,17.0,14.0,54.8,10.4,9.1,66.7,75.8,44.4,55.6,13:54,12:25,1.0,2.0,-0.2,6.0,33.3,-1.0,57.4
Dougie Hamilton,31.0,NJD,D,63.0,1214.0,1073.0,53.1,2.4,840.0,769.0,52.2,2.3,10.9,90.3,101.2,62.1,37.9,19:48,16:34,20.0,92.0,5.0,413.0,44.1,-72.0,52.650000000000006
Travis Hamonic,34.0,OTT,D,56.0,811.0,952.0,46.0,-5.4,583.0,662.0,46.8,-4.9,4.2,92.1,96.3,42.5,57.5,17:02,15:27,16.0,59.0,-7.3,183.0,38.8,-43.0,46.4
Noah Hanifin,28.0,VEG,D,75.0,1504.0,1370.0,52.3,2.4,1129.0,1000.0,53.0,2.6,10.0,88.8,98.8,56.5,43.5,21:31,19:18,31.0,104.0,16.2,308.0,44.2,-73.0,52.65
Joel Hanley,33.0,CGY,D,47.0,782.0,720.0,52.1,0.2,542.0,491.0,52.5,1.5,8.5,92.3,100.8,51.4,48.6,18:10,16:45,6.0,57.0,5.8,118.0,30.5,-51.0,52.3
Mike Hardman,25.0,NJD,RW,1.0,7.0,7.0,50.0,5.3,5.0,3.0,62.5,17.7,0.0,100.0,100.0,50.0,50.0,8:24,8:14,0.0,0.0,0.3,1.0,0.0,0.0,56.25
Jansen Harkins,27.0,ANA,C,57.0,418.0,573.0,42.2,-4.6,277.0,399.0,41.0,-6.3,7.4,89.7,97.1,25.8,74.2,10:56,9:24,14.0,34.0,-5.7,87.0,51.7,-20.0,41.6
Thomas Harley,23.0,DAL,D,73.0,1501.0,1352.0,52.6,4.3,1046.0,991.0,51.4,4.3,12.4,91.8,104.2,53.1,46.9,23:20,19:28,26.0,111.0,14.7,372.0,43.3,-85.0,52.0
Jordan Harris,24.0,CBJ,D,29.0,252.0,352.0,41.7,-5.5,182.0,251.0,42.0,-5.5,7.3,91.1,98.4,40.4,59.6,11:07,11:01,3.0,14.0,-4.9,31.0,41.9,-11.0,41.85
Ryan Hartman,30.0,MIN,RW,63.0,868.0,911.0,48.8,3.0,627.0,639.0,49.5,3.3,7.6,90.9,98.5,48.4,51.6,15:12,13:49,21.0,62.0,-0.8,279.0,52.0,-41.0,49.15
Rafaël Harvey-Pinard,26.0,MTL,LW,1.0,5.0,9.0,35.7,-15.3,2.0,6.0,25.0,-22.9,0.0,100.0,100.0,,,8:54,8:54,0.0,0.0,-0.5,0.0,,0.0,30.35
Garnet Hathaway,33.0,PHI,RW,61.0,561.0,666.0,45.7,-3.0,405.0,421.0,49.0,-1.8,9.9,90.9,100.8,34.3,65.7,11:52,10:28,7.0,25.0,4.4,134.0,57.5,-18.0,47.35
Erik Haula,33.0,NJD,LW,63.0,692.0,769.0,47.4,-4.7,495.0,573.0,46.3,-5.1,8.8,89.5,98.3,42.5,57.5,14:29,12:22,14.0,38.0,-5.6,172.0,58.1,-24.0,46.849999999999994
John Hayden,29.0,SEA,C,16.0,133.0,136.0,49.4,2.3,101.0,93.0,52.1,4.7,7.5,95.2,102.6,61.0,39.0,8:20,8:11,2.0,4.0,0.2,28.0,50.0,-2.0,50.75
Kevin Hayes,32.0,PIT,RW,59.0,626.0,555.0,53.0,3.1,439.0,425.0,50.8,1.3,7.1,87.4,94.5,48.3,51.7,12:12,9:52,13.0,32.0,-0.2,183.0,49.7,-19.0,51.9
Barrett Hayton,24.0,UTA,C,76.0,1208.0,900.0,57.3,6.0,854.0,648.0,56.9,5.5,8.8,89.3,98.1,55.7,44.3,16:06,13:27,16.0,42.0,9.1,289.0,48.8,-26.0,57.099999999999994
Victor Hedman,34.0,TBL,D,72.0,1460.0,1274.0,53.4,4.8,1042.0,929.0,52.9,4.0,11.4,91.2,102.6,59.4,40.6,23:12,18:38,24.0,103.0,11.8,428.0,38.3,-79.0,53.15
Emil Heineman,23.0,MTL,LW,60.0,546.0,568.0,49.0,2.6,358.0,381.0,48.4,1.6,9.6,88.3,97.9,40.1,59.9,11:23,10:20,8.0,31.0,-1.9,158.0,39.9,-23.0,48.7
Danton Heinen,29.0,TOT,C/LW,73.0,781.0,805.0,49.2,-0.1,535.0,573.0,48.3,-0.5,10.3,90.2,100.4,53.0,47.0,13:23,11:37,17.0,41.0,-4.8,149.0,49.7,-24.0,48.75
Danton Heinen,29.0,VAN,C/LW,51.0,540.0,575.0,48.4,-0.5,370.0,396.0,48.3,0.1,11.2,89.7,100.9,47.6,52.4,13:57,11:52,11.0,26.0,-3.4,102.0,43.1,-15.0,48.349999999999994
Danton Heinen,29.0,PIT,C/LW,22.0,241.0,230.0,51.2,1.0,165.0,177.0,48.2,-1.7,8.3,91.3,99.6,66.1,33.9,12:04,11:01,6.0,15.0,-1.4,47.0,63.8,-9.0,49.7
Ville Heinola,23.0,WPG,D,17.0,210.0,223.0,48.5,0.4,149.0,152.0,49.5,0.2,10.0,98.0,108.0,41.5,58.5,13:58,13:37,7.0,13.0,1.0,37.0,29.7,-6.0,49.0
Miro Heiskanen,25.0,DAL,D,50.0,1108.0,963.0,53.5,3.2,760.0,706.0,51.8,1.8,10.1,90.0,100.1,55.5,44.5,25:10:00,20:53,28.0,67.0,10.4,287.0,37.6,-39.0,52.65
Samuel Helenius,22.0,LAK,C,43.0,335.0,342.0,49.5,-4.2,226.0,227.0,49.9,-4.5,7.1,94.2,101.3,49.1,50.9,8:36,8:35,3.0,20.0,-3.0,56.0,42.9,-17.0,49.7
Drew Helleson,23.0,ANA,D,49.0,649.0,835.0,43.7,-2.9,460.0,619.0,42.6,-4.4,11.2,93.8,105.0,46.2,53.8,15:54,15:09,15.0,42.0,-9.2,132.0,40.2,-27.0,43.150000000000006
Adam Henrique,34.0,EDM,C,74.0,789.0,915.0,46.3,-9.7,541.0,615.0,46.8,-9.2,8.1,92.0,100.1,40.6,59.4,14:27,12:06,18.0,53.0,-1.8,166.0,57.8,-35.0,46.55
Tomáš Hertl,31.0,VEG,C,70.0,1086.0,949.0,53.4,3.7,793.0,642.0,55.3,5.5,9.4,87.4,96.8,60.5,39.5,17:07,14:14,27.0,43.0,15.4,307.0,55.4,-16.0,54.349999999999994
Matthew Highmore,28.0,OTT,LW,35.0,289.0,349.0,45.3,-4.0,196.0,251.0,43.8,-5.7,4.1,93.1,97.1,46.6,53.4,11:09,9:44,4.0,18.0,-4.7,58.0,53.4,-14.0,44.55
Vinnie Hinostroza,30.0,TOT,C,35.0,412.0,394.0,51.1,3.2,285.0,280.0,50.4,2.0,7.8,92.9,100.6,50.6,49.4,13:15,11:56,8.0,29.0,1.0,99.0,45.5,-21.0,50.75
Vinnie Hinostroza,30.0,MIN,C,22.0,259.0,274.0,48.6,3.4,175.0,189.0,48.1,2.2,8.0,93.4,101.4,48.5,51.5,14:15,12:16,7.0,17.0,0.8,63.0,54.0,-10.0,48.35
Vinnie Hinostroza,30.0,NSH,C,13.0,153.0,120.0,56.0,3.5,110.0,91.0,54.7,2.0,7.4,91.8,99.2,54.9,45.1,11:32,11:22,1.0,12.0,0.2,36.0,30.6,-11.0,55.35
Roope Hintz,28.0,DAL,LW,69.0,899.0,936.0,49.0,-1.3,624.0,675.0,48.0,-1.1,12.9,92.0,104.9,46.8,53.2,16:54,12:57,15.0,63.0,7.2,264.0,55.7,-48.0,48.5
Nico Hischier,26.0,NJD,C,70.0,1231.0,1031.0,54.4,4.9,862.0,731.0,54.1,5.3,9.7,90.7,100.3,48.0,52.0,20:27,15:27,24.0,49.0,13.3,327.0,56.0,-25.0,54.25
Nils Höglander,24.0,VAN,LW,66.0,689.0,688.0,50.0,1.6,485.0,486.0,49.9,1.4,10.7,91.4,102.1,58.2,41.8,11:52,11:15,11.0,31.0,4.8,133.0,57.1,-20.0,49.95
Justin Holl,33.0,DET,D,66.0,847.0,831.0,50.5,3.7,627.0,596.0,51.3,5.0,7.5,90.7,98.2,55.1,44.9,14:47,13:38,6.0,63.0,3.8,95.0,34.7,-57.0,50.9
Dylan Holloway,23.0,STL,C,77.0,1125.0,1032.0,52.2,4.5,781.0,709.0,52.4,4.8,12.1,90.5,102.5,53.2,46.8,16:49,14:56,34.0,69.0,18.1,336.0,53.0,-35.0,52.3
Pontus Holmberg,25.0,TOR,RW,61.0,664.0,762.0,46.6,-1.7,461.0,514.0,47.3,-2.2,7.3,92.6,99.9,43.7,56.3,12:46,11:44,8.0,24.0,0.0,135.0,45.9,-16.0,46.95
Simon Holmström,23.0,NYI,RW,67.0,903.0,974.0,48.1,-1.5,664.0,659.0,50.2,0.3,11.6,90.1,101.6,48.2,51.8,16:59,13:41,11.0,44.0,0.5,183.0,45.4,-33.0,49.150000000000006
Alexander Holtz,23.0,VEG,RW,49.0,495.0,538.0,47.9,-2.8,356.0,383.0,48.2,-3.6,7.3,91.9,99.2,54.0,46.0,11:31,11:01,3.0,32.0,-2.1,121.0,51.2,-29.0,48.05
Samuel Honzek,20.0,CGY,LW,5.0,52.0,68.0,43.3,-5.0,38.0,47.0,44.7,-4.9,7.7,93.5,101.2,63.2,36.8,12:24,10:49,1.0,4.0,-0.3,8.0,75.0,-3.0,44.0
Bo Horvat,29.0,NYI,C,73.0,1303.0,1220.0,51.6,3.2,957.0,870.0,52.4,3.4,10.5,89.8,100.3,54.5,45.5,20:16,16:17,18.0,82.0,1.8,402.0,54.5,-64.0,52.0
Brett Howden,26.0,VEG,C,73.0,942.0,954.0,49.7,-1.3,712.0,681.0,51.1,-0.1,11.3,90.1,101.4,49.7,50.3,14:47,13:40,21.0,39.0,0.1,198.0,58.6,-18.0,50.400000000000006
Filip Hronek,27.0,VAN,D,54.0,1109.0,948.0,53.9,5.7,787.0,709.0,52.6,4.4,10.5,87.2,97.7,60.0,40.0,23:47,19:46,10.0,65.0,9.5,217.0,33.6,-55.0,53.25
Justin Hryckowian,23.0,DAL,F,5.0,28.0,41.0,40.6,-11.0,24.0,27.0,47.1,-2.8,6.7,100.0,106.7,31.8,68.2,7:53,7:52,0.0,2.0,-0.6,4.0,75.0,-2.0,43.85
Jonathan Huberdeau,31.0,CGY,LW,75.0,1261.0,1153.0,52.2,1.3,871.0,823.0,51.4,0.7,8.9,88.4,97.3,63.1,36.9,19:27,15:19,22.0,85.0,-0.8,249.0,58.2,-63.0,51.8
Jack Hughes,23.0,NJD,C,62.0,1263.0,957.0,56.9,8.5,861.0,685.0,55.7,7.9,10.8,89.4,100.2,71.6,28.4,20:54,16:52,22.0,87.0,17.4,465.0,49.2,-65.0,56.3
Luke Hughes,21.0,NJD,D,66.0,1271.0,1137.0,52.8,1.9,866.0,829.0,51.1,1.0,7.9,90.5,98.4,53.3,46.7,21:06,19:08,29.0,81.0,6.6,291.0,36.8,-52.0,51.95
Quinn Hughes,25.0,VAN,D,61.0,1450.0,1068.0,57.6,14.7,1037.0,785.0,56.9,14.4,11.5,86.9,98.4,65.7,34.3,25:36:00,21:47,24.0,82.0,16.8,456.0,38.6,-58.0,57.25
Daemon Hunt,22.0,MIN,D,1.0,14.0,7.0,66.7,27.6,11.0,4.0,73.3,32.0,0.0,100.0,100.0,100.0,0.0,8:01,7:25,1.0,0.0,0.0,5.0,40.0,1.0,70.0
Dryden Hunt,29.0,CGY,LW,4.0,33.0,45.0,42.3,-11.0,19.0,34.0,35.8,-14.7,7.1,81.0,88.1,60.0,40.0,10:57,10:52,2.0,4.0,-0.2,7.0,57.1,-2.0,39.05
Lane Hutson,20.0,MTL,D,75.0,1540.0,1443.0,51.6,6.8,1101.0,1020.0,51.9,7.1,10.4,88.4,98.9,66.7,33.3,22:40,19:39,51.0,95.0,12.3,267.0,31.8,-44.0,51.75
Ben Hutton,31.0,VEG,D,6.0,48.0,71.0,40.3,-9.1,40.0,48.0,45.5,-3.4,6.3,90.3,96.6,50.0,50.0,11:11,11:04,0.0,2.0,0.4,11.0,72.7,-2.0,42.9
Grant Hutton,29.0,NYI,D,13.0,112.0,156.0,41.8,-4.4,84.0,113.0,42.6,-3.6,8.6,94.6,103.2,42.0,58.0,13:28,12:22,2.0,8.0,-1.8,20.0,50.0,-6.0,42.2
Zach Hyman,32.0,EDM,LW,69.0,1343.0,928.0,59.1,7.5,989.0,685.0,59.1,7.1,10.2,88.7,98.9,64.0,36.0,19:04,15:52,14.0,42.0,20.4,354.0,57.1,-28.0,59.1
Arttu Hyry,23.0,DAL,F,5.0,51.0,54.0,48.6,-3.4,26.0,36.0,41.9,-8.1,6.3,95.2,101.5,50.0,50.0,9:05,9:05,1.0,1.0,-1.1,8.0,62.5,0.0,45.25
Alex Iafallo,31.0,WPG,C,76.0,678.0,641.0,51.4,2.2,508.0,433.0,54.0,4.4,11.8,92.7,104.4,38.5,61.5,12:53,9:47,21.0,28.0,6.0,167.0,56.3,-7.0,52.7
Bokondji Imama,28.0,PIT,LW,16.0,80.0,96.0,45.5,-1.5,60.0,67.0,47.2,-0.2,11.1,95.7,106.8,51.3,48.7,5:40,5:40,0.0,3.0,-0.2,13.0,76.9,-3.0,46.35
Jere Innala,26.0,COL,F,15.0,67.0,84.0,44.4,-10.9,45.0,53.0,45.9,-8.9,4.0,87.1,91.1,44.4,55.6,6:55,6:45,1.0,2.0,-1.0,15.0,26.7,-1.0,45.15
Ivan Ivan,22.0,COL,F,40.0,329.0,311.0,51.4,-1.8,221.0,217.0,50.5,-2.5,9.0,84.9,94.0,32.9,67.1,10:02,9:02,2.0,22.0,-2.2,65.0,52.3,-20.0,50.95
Juha Jaaska,26.0,CAR,F,18.0,171.0,106.0,61.7,3.9,129.0,79.0,62.0,4.8,6.0,87.0,93.0,61.7,38.3,8:56,8:42,1.0,8.0,0.9,28.0,39.3,-7.0,61.85
Mark Jankowski,30.0,TOT,C,52.0,570.0,443.0,56.3,3.3,409.0,309.0,57.0,5.5,8.0,92.4,100.4,48.4,51.6,12:18,10:19,5.0,28.0,9.2,115.0,49.6,-23.0,56.65
Mark Jankowski,30.0,NSH,C,41.0,461.0,363.0,55.9,4.5,329.0,253.0,56.5,6.4,6.2,91.3,97.5,46.9,53.1,12:43,10:34,4.0,15.0,8.4,94.0,47.9,-11.0,56.2
Mark Jankowski,30.0,CAR,C,11.0,109.0,80.0,57.7,-0.9,80.0,56.0,58.8,2.2,16.7,97.4,114.1,53.6,46.4,10:48,9:23,1.0,13.0,0.8,21.0,57.1,-12.0,58.25
Mattias Janmark,32.0,EDM,C,73.0,671.0,793.0,45.8,-10.3,477.0,544.0,46.7,-9.4,7.8,91.6,99.4,42.3,57.7,13:07,11:32,15.0,43.0,-5.2,100.0,47.0,-28.0,46.25
Calle Järnkrok,33.0,TOR,C,12.0,91.0,169.0,35.0,-11.3,64.0,123.0,34.2,-12.8,14.0,91.8,105.7,29.4,70.6,12:53,11:28,1.0,2.0,-1.8,18.0,33.3,-1.0,34.6
Seth Jarvis,22.0,CAR,C/RW,67.0,1143.0,804.0,58.7,-0.5,805.0,555.0,59.2,1.3,10.5,87.5,98.0,56.7,43.3,19:28,14:04,28.0,54.0,9.0,354.0,51.1,-26.0,58.95
Tanner Jeannot,27.0,LAK,F,67.0,656.0,661.0,49.8,-4.4,467.0,461.0,50.3,-4.9,9.1,91.5,100.6,53.6,46.4,11:01,10:57,3.0,36.0,-2.9,129.0,43.4,-33.0,50.05
Jan Jeník,24.0,OTT,RW,2.0,12.0,24.0,33.3,-18.0,5.0,20.0,20.0,-29.6,0.0,93.8,93.8,0.0,100.0,7:42,7:42,0.0,0.0,-1.4,2.0,0.0,0.0,26.65
Boone Jenner,31.0,CBJ,C,18.0,288.0,257.0,52.8,1.4,219.0,189.0,53.7,2.3,14.7,87.0,101.7,52.5,47.5,17:55,14:20,4.0,22.0,1.0,78.0,60.3,-18.0,53.25
Nick Jensen,34.0,OTT,D,66.0,1226.0,1161.0,51.4,0.9,865.0,832.0,51.0,0.3,10.2,92.3,102.5,49.9,50.1,20:18,18:01,18.0,76.0,-1.6,196.0,36.2,-58.0,51.2
David Jiříček,21.0,TOT,D,12.0,118.0,144.0,45.0,-5.7,79.0,103.0,43.4,-6.6,9.8,92.5,102.3,53.2,46.8,12:07,11:38,3.0,15.0,0.0,25.0,36.0,-12.0,44.2
David Jiříček,21.0,CBJ,D,6.0,59.0,65.0,47.6,-8.9,38.0,43.0,46.9,-8.2,8.7,84.0,92.7,58.1,41.9,11:12,11:11,1.0,4.0,0.6,13.0,38.5,-3.0,47.25
David Jiříček,21.0,MIN,D,6.0,59.0,79.0,42.8,-1.9,41.0,60.0,40.6,-4.3,10.7,97.6,108.3,48.4,51.6,13:02,12:05,2.0,11.0,-0.7,12.0,33.3,-9.0,41.7
Albert Johansson,24.0,DET,D,53.0,753.0,811.0,48.1,-0.3,531.0,567.0,48.4,-0.3,8.1,91.0,99.1,52.6,47.4,16:21,0.666666667,12.0,47.0,-6.1,112.0,35.7,-35.0,48.25
Marcus Johansson,34.0,MIN,C/W,66.0,943.0,1029.0,47.8,0.9,670.0,713.0,48.4,1.2,7.8,91.3,99.1,45.7,54.3,16:19,14:59,12.0,38.0,-0.3,209.0,51.7,-26.0,48.099999999999994
Erik Johnson,36.0,TOT,D,31.0,374.0,393.0,48.8,1.1,267.0,270.0,49.7,-0.1,7.2,92.8,100.0,47.4,52.6,14:02,12:27,15.0,23.0,-2.3,56.0,46.4,-8.0,49.25
Erik Johnson,36.0,PHI,D,22.0,214.0,282.0,43.1,-2.2,149.0,194.0,43.4,-4.8,9.3,91.3,100.6,50.4,49.6,13:18,11:41,8.0,18.0,-3.6,29.0,48.3,-10.0,43.25
Erik Johnson,36.0,COL,D,9.0,160.0,111.0,59.0,5.9,118.0,76.0,60.8,7.3,4.5,97.4,101.9,41.7,58.3,15:47,14:19,7.0,5.0,1.3,27.0,44.4,2.0,59.9
Jack Johnson,38.0,CBJ,D,39.0,380.0,463.0,45.1,-5.1,269.0,342.0,44.0,-6.5,10.7,85.9,96.6,47.7,52.3,12:45,11:07,7.0,19.0,-4.9,57.0,38.6,-12.0,44.55
Kent Johnson,22.0,CBJ,C,60.0,829.0,799.0,50.9,4.3,595.0,577.0,50.8,3.1,13.3,86.4,99.6,53.8,46.2,17:27,14:13,18.0,54.0,-1.8,225.0,47.6,-36.0,50.849999999999994
Reese Johnson,26.0,MIN,F,3.0,19.0,29.0,39.6,-8.5,12.0,16.0,42.9,-7.7,0.0,100.0,100.0,27.3,72.7,9:32,9:31,0.0,1.0,0.0,3.0,33.3,-1.0,41.25
Ryan Johnson,23.0,BUF,D,3.0,52.0,63.0,45.2,-7.4,39.0,37.0,51.3,1.6,4.3,85.0,89.3,42.4,57.6,17:40,17:38,0.0,2.0,-0.1,12.0,25.0,-2.0,48.25
Tyler Johnson,34.0,BOS,C,9.0,89.0,103.0,46.4,-7.3,61.0,73.0,45.5,-7.8,11.4,89.6,101.0,40.5,59.5,13:05,12:07,0.0,2.0,-1.8,16.0,37.5,-2.0,45.95
Ross Johnston,30.0,ANA,LW,43.0,287.0,395.0,42.1,-4.7,187.0,279.0,40.1,-6.8,5.8,94.2,100.0,34.1,65.9,8:41,8:41,3.0,18.0,-2.2,31.0,29.0,-15.0,41.1
Wyatt Johnston,21.0,DAL,C,75.0,1056.0,1162.0,47.6,-3.3,734.0,841.0,46.6,-3.1,12.0,89.8,101.8,47.3,52.7,18:58,14:28,27.0,48.0,10.1,360.0,52.8,-21.0,47.1
Henri Jokiharju,25.0,TOT,D,54.0,879.0,820.0,51.7,2.0,608.0,615.0,49.7,-0.4,10.4,91.2,101.6,49.1,50.9,17:26,16:21,10.0,57.0,-9.1,159.0,34.6,-47.0,50.7
Henri Jokiharju,25.0,BUF,D,42.0,670.0,624.0,51.8,0.2,464.0,462.0,50.1,-2.1,10.2,92.0,102.2,52.6,47.4,16:18,15:31,8.0,42.0,-5.6,120.0,36.7,-34.0,50.95
Henri Jokiharju,25.0,BOS,D,12.0,209.0,196.0,51.6,9.4,144.0,153.0,48.5,7.4,11.0,88.7,99.6,40.1,59.9,21:23,19:15,2.0,15.0,-3.5,39.0,28.2,-13.0,50.05
Ben Jones,25.0,MIN,F,26.0,172.0,261.0,39.7,-9.2,124.0,183.0,40.4,-9.0,3.3,94.9,98.2,33.7,66.3,8:23,8:15,2.0,9.0,-0.9,51.0,47.1,-7.0,40.05
Caleb Jones,27.0,LAK,D,5.0,64.0,34.0,65.3,15.2,43.0,22.0,66.2,16.9,0.0,89.5,89.5,70.6,29.4,12:49,11:46,1.0,2.0,0.5,15.0,40.0,-1.0,65.75
Max Jones,26.0,TOT,LW,19.0,123.0,169.0,42.1,-10.2,72.0,125.0,36.5,-15.7,4.8,86.4,91.2,51.3,48.8,8:53,8:49,1.0,6.0,-4.9,29.0,27.6,-5.0,39.3
Max Jones,26.0,EDM,LW,12.0,79.0,92.0,46.2,-9.8,46.0,70.0,39.7,-16.5,3.8,86.0,89.9,58.0,42.0,8:13,8:13,1.0,2.0,-3.1,22.0,27.3,-1.0,42.95
Max Jones,26.0,BOS,LW,7.0,44.0,77.0,36.4,-8.7,26.0,55.0,32.1,-12.3,6.3,86.8,93.1,40.0,60.0,10:01,9:52,0.0,4.0,-1.7,7.0,28.6,-4.0,34.25
Seth Jones,30.0,TOT,D,56.0,1109.0,1171.0,48.6,3.0,780.0,884.0,46.9,1.1,8.9,88.6,97.6,56.0,44.0,24:50:00,19:43,23.0,72.0,-6.9,270.0,41.9,-49.0,47.75
Seth Jones,30.0,CHI,D,42.0,758.0,914.0,45.3,2.5,532.0,675.0,44.1,0.8,10.6,88.3,98.9,53.0,47.0,24:30:00,19:33,18.0,56.0,-9.4,196.0,41.3,-38.0,44.7
Seth Jones,30.0,FLA,D,14.0,351.0,257.0,57.7,3.4,248.0,209.0,54.3,0.7,4.7,89.9,94.6,65.0,35.0,25:50:00,20:15,5.0,16.0,2.4,74.0,43.2,-11.0,56.0
Zachary Jones,24.0,NYR,D,42.0,611.0,653.0,48.3,-2.1,454.0,484.0,48.4,-1.0,7.0,94.0,101.0,56.0,44.0,17:05,15:31,14.0,38.0,-5.9,102.0,41.2,-24.0,48.349999999999994
Mathieu Joseph,27.0,STL,RW,56.0,551.0,565.0,49.4,0.7,371.0,378.0,49.5,0.5,7.7,88.6,96.3,39.3,60.7,11:59,10:58,16.0,24.0,4.6,131.0,51.1,-8.0,49.45
Pierre-Olivier Joseph,25.0,TOT,D,47.0,616.0,609.0,50.3,2.9,432.0,451.0,48.9,2.1,6.4,86.9,93.3,50.4,49.6,15:16,14:16,20.0,53.0,-3.7,122.0,34.4,-33.0,49.599999999999994
Pierre-Olivier Joseph,25.0,PIT,D,24.0,362.0,341.0,51.5,1.2,262.0,254.0,50.8,0.7,5.5,86.0,91.5,52.4,47.6,17:20,16:16,13.0,25.0,-2.2,75.0,26.7,-12.0,51.15
Pierre-Olivier Joseph,25.0,STL,D,23.0,254.0,268.0,48.7,4.4,170.0,197.0,46.3,3.0,7.5,87.9,95.4,47.5,52.5,13:06,12:11,7.0,28.0,-1.6,47.0,46.8,-21.0,47.5
Dakota Joshua,28.0,VAN,C,50.0,489.0,598.0,45.0,-4.6,343.0,410.0,45.6,-4.0,6.4,88.4,94.7,47.5,52.5,0.541666667,11:56,11.0,33.0,-0.5,92.0,44.6,-22.0,45.3
Roman Josi,34.0,NSH,D,53.0,1291.0,1008.0,56.2,7.6,899.0,760.0,54.2,6.5,8.3,86.2,94.4,67.7,32.3,25:02:00,20:19,23.0,75.0,0.7,368.0,40.8,-52.0,55.2
Tyson Jost,26.0,CAR,C,31.0,341.0,216.0,61.2,2.5,235.0,158.0,59.8,2.2,5.7,94.4,100.1,57.1,42.9,9:33,9:05,6.0,8.0,4.0,53.0,52.8,-2.0,60.5
Noah Juulsen,27.0,VAN,D,35.0,376.0,502.0,42.8,-6.5,254.0,358.0,41.5,-7.8,8.0,88.3,96.3,33.2,66.8,16:17,13:55,12.0,40.0,-6.5,70.0,37.1,-28.0,42.15
Nazem Kadri,34.0,CGY,C,75.0,1410.0,1264.0,52.7,2.1,970.0,912.0,51.5,1.0,7.1,90.3,97.4,62.1,37.9,19:20,16:20,28.0,54.0,0.9,500.0,51.4,-26.0,52.1
Wyatt Kaiser,22.0,CHI,D,51.0,720.0,804.0,47.2,4.9,514.0,582.0,46.9,4.8,8.7,91.0,99.7,46.5,53.5,17:57,16:20,20.0,54.0,-4.9,119.0,51.3,-34.0,47.05
Kaapo Kakko,23.0,TOT,RW,73.0,1019.0,1022.0,49.9,1.8,749.0,761.0,49.6,1.6,10.3,90.0,100.3,52.7,47.3,15:39,14:08,18.0,55.0,-2.6,221.0,49.3,-37.0,49.75
Kaapo Kakko,23.0,SEA,RW,43.0,675.0,642.0,51.3,4.0,491.0,477.0,50.7,3.1,10.4,87.2,97.6,49.4,50.6,17:18,15:25,13.0,39.0,-2.0,137.0,46.7,-26.0,51.0
Kaapo Kakko,23.0,NYR,RW,30.0,344.0,380.0,47.5,-1.6,258.0,284.0,47.6,-0.9,10.2,94.7,105.0,59.9,40.1,13:17,12:18,5.0,16.0,-0.6,84.0,53.6,-11.0,47.55
Arthur Kaliyev,23.0,NYR,RW,14.0,139.0,144.0,49.1,-0.8,99.0,113.0,46.7,-4.3,10.4,93.1,103.5,58.9,41.1,11:13,10:54,0.0,4.0,-0.7,35.0,60.0,-4.0,47.900000000000006
David Kämpf,30.0,TOR,C,59.0,486.0,578.0,45.7,-2.8,347.0,406.0,46.1,-3.1,8.7,91.3,100.0,24.1,75.9,12:24,10:19,17.0,30.0,-3.3,81.0,55.6,-13.0,45.900000000000006
Patrick Kane,36.0,DET,RW,64.0,903.0,994.0,47.6,-0.7,651.0,718.0,47.6,-0.4,7.5,90.1,97.5,56.7,43.3,17:54,14:52,12.0,68.0,-3.7,297.0,52.2,-56.0,47.6
